Հրապարակվել է,Թարմացվել է,Մարզ,Համայնք,Գին (֏),Գին ($),Տան մակերես (մ²),Հողատարածքի մակերես (մ²),մ² գին (֏),Հղում
16/11/2025,,Երևան,Կենտրոն,575000,1504,126,0,4563.0,https://www.senyak.am/vardzov-komercion-taratsq-kentronum--w1sd
02/10/2025,16/11/2025,Երևան,Արաբկիր,450000,1177,50,0,9000.0,https://www.senyak.am/vardzov-norakaruyc-ofisayin-taratsq-arabkirum--w6b5
02/03/2025,16/11/2025,Երևան,Դավթաշեն,200000,523,42,0,4761.0,https://www.senyak.am/vardzov-ofisayin-taratsq-davtashenum--q0wl
26/12/2024,16/11/2025,Երևան,Կենտրոն,200000,523,20,0,10000.0,https://www.senyak.am/vardzov-ofisayin-taratsq-kentronum--qmku
16/11/2025,,Երևան,Արաբկիր,600000,1570,55,0,10909.0,https://www.senyak.am/vardzov-arevtri-taratsq-komitasum--w1p2
25/10/2025,16/11/2025,Երևան,Կենտրոն,220000,575,24,0,9166.0,https://www.senyak.am/vardzov-ofisayin-taratsq-kentronum--w90e
09/11/2025,16/11/2025,Երևան,Մալաթիա Սեբաստիա,160000,418,85,0,1882.0,https://www.senyak.am/vardzov-ofisayin-taratsq-bangladeshum--w19x
08/04/2025,15/11/2025,Երևան,Կենտրոն,150000,392,180,0,833.0,https://www.senyak.am/vardzov-pahest-kentronum--qae2
15/11/2025,,Կոտայք,Քանաքեռավան գյուղ,350000,915,1700,0,205.0,https://www.senyak.am/vardzov-artadramas--w10v
18/10/2025,15/11/2025,Երևան,Կենտրոն,850000,2224,112,0,7589.0,https://www.senyak.am/vardzov-ofisayin-taratsq-kentronum--wel9
18/10/2025,15/11/2025,Երևան,Կենտրոն,840664,2200,112,0,7505.0,https://www.senyak.am/vardzov-spasarkman-taratsq-kentronum--wel1
09/10/2025,15/11/2025,Երևան,Էրեբունի,350000,915,210,0,1666.0,https://www.senyak.am/vardzov-arevtri-taratsq-kayaranum--wed6
27/10/2025,15/11/2025,Երևան,Կենտրոն,380000,994,40,0,9500.0,https://www.senyak.am/vardzov-ofisayin-taratsq-kentronum--w9fo
22/10/2025,15/11/2025,Երևան,Կենտրոն,350000,915,40,0,8750.0,https://www.senyak.am/vardzov-spasarkman-taratsq-kentronum--w9y0
15/11/2025,,Երևան,Դավթաշեն,4400000,11514,580,0,7586.0,https://www.senyak.am/vardzov-norakaruyc-ofisayin-taratsq-davtashenum--w10f
28/07/2025,14/11/2025,Երևան,Կենտրոն,200000,523,48,0,4166.0,https://www.senyak.am/vardzov-ofisayin-taratsq-kentronum--qt7q
26/07/2025,13/11/2025,Երևան,Արաբկիր,480000,1256,121,0,3966.0,https://www.senyak.am/vardzov-ofisayin-taratsq-arabkirum--qta2
15/11/2025,,Երևան,Արաբկիր,500000,1308,52,0,9615.0,https://www.senyak.am/vardzov-ofisayin-taratsq-komitasum--w10b
16/09/2025,14/11/2025,Երևան,Դավթաշեն,300000,785,60,0,5000.0,https://www.senyak.am/vardzov-ofisayin-taratsq-16-kvartalum--wgy4
08/09/2025,14/11/2025,Երևան,Արաբկիր,1500000,3925,200,0,7500.0,https://www.senyak.am/vardzov-ofisayin-taratsq-arabkirum--wwnc
13/05/2025,14/11/2025,Երևան,Կենտրոն,600000,1570,100,0,6000.0,https://www.senyak.am/vardzov-arevtri-taratsq-kentronum--qkxv
10/09/2025,14/11/2025,Երևան,Դավթաշեն,4320000,11305,1200,0,3600.0,https://www.senyak.am/vardzov-arevtri-taratsq-davtashenum--wwlt
02/10/2025,13/11/2025,Երևան,Շենգավիթ,270000,706,35,0,7714.0,https://www.senyak.am/vardzov-ofisayin-taratsq-3-rd-masum--w6un
20/03/2025,14/11/2025,Երևան,Կենտրոն,600000,1570,90,0,6666.0,https://www.senyak.am/vardzov-arevtri-taratsq-kentronum--qr5h
09/08/2025,14/11/2025,Երևան,Արաբկիր,300000,785,55,0,5454.0,https://www.senyak.am/vardzov-arevtri-taratsq-komitasum--w42k
25/01/2025,14/11/2025,Երևան,Մալաթիա Սեբաստիա,պայմանական,negotiable,120,0,,https://www.senyak.am/vardzov-arevtri-taratsq-malatia-sebastiayum--quka
05/09/2025,14/11/2025,Երևան,Կենտրոն,200000,523,35,0,5714.0,https://www.senyak.am/vardzov-ofisayin-taratsq-kentronum--wwrb
17/04/2025,12/11/2025,Երևան,Կենտրոն,260000,680,37,0,7027.0,https://www.senyak.am/vardzov-ofisayin-taratsq-kentronum--qsw8
06/11/2025,13/11/2025,Երևան,Կենտրոն,570000,1491,45,0,12666.0,https://www.senyak.am/vardzov-komercion-taratsq-kentronum--wdad
24/06/2025,11/11/2025,Երևան,Կենտրոն,590000,1544,100,0,5900.0,https://www.senyak.am/vardzov-spasarkman-taratsq-kentronum--q252
16/09/2025,11/11/2025,Երևան,Աջափնյակ,282000,737,47,0,6000.0,https://www.senyak.am/ofisayin-taratsq-ajapnyakum-47qm--wg8h
20/08/2025,11/11/2025,Երևան,Աջափնյակ,318000,832,53,0,6000.0,https://www.senyak.am/vardzov-ofisayin-taratsq-ajapnyakum--wqsb
11/11/2025,13/11/2025,Երևան,Աջափնյակ,312000,816,52,0,6000.0,https://www.senyak.am/vardzov-ofisayin-taratsq-ajapnyakum--w18y
29/07/2025,11/11/2025,Երևան,Աջափնյակ,312000,816,52,0,6000.0,https://www.senyak.am/vardzov-ofisayin-taratsq-ajapnyakum--qtt8
21/10/2025,11/11/2025,Երևան,Աջափնյակ,324000,847,54,0,6000.0,https://www.senyak.am/vardzov-ofisayin-taratsq-ajapnyakum--w96o
13/11/2025,,Երևան,Արաբկիր,1150000,3009,300,0,3833.0,https://www.senyak.am/vardzov-ofisayin-taratsq-arabkirum--w1j6
07/04/2025,13/11/2025,Երևան,Կենտրոն,970000,2538,120,0,8083.0,https://www.senyak.am/vardzov-arevtri-taratsq-kentronum--qa6r
29/07/2025,11/11/2025,Երևան,Աջափնյակ,312000,816,52,0,6000.0,https://www.senyak.am/vardzov-ofisayin-taratsq-ajapnyakum--qttm
07/08/2025,11/11/2025,Երևան,Աջափնյակ,117500,307,47,0,2500.0,https://www.senyak.am/vardzov-artadramas-ajapnyakum--w4v9
21/10/2025,10/11/2025,Երևան,Արաբկիր,1800000,4710,300,0,6000.0,https://www.senyak.am/vardzov-komercion-taratsq-arabkirum--w91a
10/06/2024,10/11/2025,Երևան,Քանաքեռ Զեյթուն,1200000,3140,110,0,10909.0,https://www.senyak.am/vardzov-arevtri-taratsq-zeytunum--qqfh
29/07/2025,11/11/2025,Երևան,Աջափնյակ,582000,1523,97,0,6000.0,https://www.senyak.am/vardzov-ofisayin-taratsq-ajapnyakum--qtta
29/07/2025,11/11/2025,Երևան,Աջափնյակ,336000,879,56,0,6000.0,https://www.senyak.am/vardzov-ofisayin-taratsq-ajapnyakum--qtt5
10/11/2025,,Երևան,Կենտրոն,250000,654,40,0,6250.0,https://www.senyak.am/vardzov-ofisayin-taratsq-kentronum--w1dp
11/11/2025,,Երևան,Արաբկիր,6000000,15701,806,0,7444.0,https://www.senyak.am/vardzov-ofisayin-taratsq-arabkirum--w1fo
29/07/2025,11/11/2025,Երևան,Աջափնյակ,552000,1444,92,0,6000.0,https://www.senyak.am/vardzov-ofisayin-taratsq-ajapnyakum--w44g
12/10/2023,11/11/2025,Երևան,Աջափնյակ,80000,209,29,0,2758.0,https://www.senyak.am/vardzov-spasarkman-taratsq-15-kvartalum--58i
30/07/2025,05/11/2025,Երևան,Քանաքեռ Զեյթուն,1500000,3925,280,0,5357.0,https://www.senyak.am/vardzov-norakaruyc-ofisayin-taratsq-monumentum--w46e
14/04/2025,05/11/2025,Երևան,Կենտրոն,3200000,8374,140,0,22857.0,https://www.senyak.am/vardzov-spasarkman-taratsq-kentronum--qa3u
11/11/2025,,Երևան,Կենտրոն,1000000,2616,84,0,11904.0,https://www.senyak.am/vardzov-norakaruyc-ofisayin-taratsq-kentronum--w18j
03/11/2025,11/11/2025,Երևան,Արաբկիր,1200000,3140,100,0,12000.0,https://www.senyak.am/vardzov-ofisayin-taratsq-arabkirum--wdzz
18/01/2024,05/11/2025,Երևան,Կենտրոն,8000,20,300,0,26.0,https://www.senyak.am/vardzov-ofisayin-taratsq-kentronum--sd1
14/11/2023,05/11/2025,Երևան,Կենտրոն,1200000,3140,150,0,8000.0,https://www.senyak.am/vardzov-ofisayin-taratsq-kentronum--rwd
21/08/2025,10/11/2025,Երևան,Կենտրոն,200000,523,46,0,4347.0,https://www.senyak.am/vardzov-ofisayin-taratsq-kentronum--wqni
06/11/2025,,Երևան,Կենտրոն,575000,1504,78,0,7371.0,https://www.senyak.am/vardzov-norakaruyc-ofisayin-taratsq-kentronum--wdpn
28/10/2025,04/11/2025,Երևան,Կենտրոն,700000,1831,75,0,9333.0,https://www.senyak.am/vardzov-norakaruyc-arevtri-taratsq-kentronum--w92n
27/06/2025,05/11/2025,Երևան,Կենտրոն,575000,1504,120,0,4791.0,https://www.senyak.am/vardzov-ofisayin-taratsq-kentronum--q2ks
09/05/2025,05/11/2025,Երևան,Կենտրոն,650000,1701,100,0,6500.0,https://www.senyak.am/vardzov-ofisayin-taratsq-kentronum--qk4r
21/10/2025,04/11/2025,Երևան,Կենտրոն,1800000,4710,106,0,16981.0,https://www.senyak.am/vardzov-ofisayin-taratsq-kentronum--w9du
08/10/2024,05/11/2025,Երևան,Կենտրոն,265000,693,22,0,12045.0,https://www.senyak.am/sdayu-v-arendu-ofis--qizl
18/04/2025,06/11/2025,Երևան,Կենտրոն,1650000,4318,121,0,13636.0,https://www.senyak.am/vardzov-arevtri-taratsq-kentronum--qse8
05/11/2025,,Երևան,Կենտրոն,650000,1701,180,0,3611.0,https://www.senyak.am/vardzov-ofisayin-taratsq-kentronum--wdpk
02/07/2025,04/11/2025,Երևան,Արաբկիր,2500000,6542,370,0,6756.0,https://www.senyak.am/vardzov-ofisayin-taratsq-arabkirum--ql69
26/07/2025,05/11/2025,Երևան,Կենտրոն,1200000,3140,200,0,6000.0,https://www.senyak.am/vardzov-spasarkman-taratsq-kentronum--qtrl
21/12/2024,06/11/2025,Երևան,Կենտրոն,3800000,9944,163,0,23312.0,https://www.senyak.am/vardzov-spasarkman-taratsq-kentronum--qmzn
07/11/2025,,Երևան,Կենտրոն,350000,915,90,0,3888.0,https://www.senyak.am/vardzov-ofisayin-taratsq-kentronum--wdto
11/03/2025,07/11/2025,Երևան,Նոր Նորք,պայմանական,negotiable,480,0,,https://www.senyak.am/vardzov-pahest-4-rd-masivum--q0nu
19/05/2025,07/11/2025,Երևան,Քանաքեռ Զեյթուն,350000,915,70,0,5000.0,https://www.senyak.am/vardzov-komercion-taratsq-zeytunum--qkk6
31/10/2025,05/11/2025,Երևան,Կենտրոն,300000,785,50,0,6000.0,https://www.senyak.am/vardzov-ofisayin-taratsq-kentronum--wdev
30/01/2025,05/11/2025,Երևան,Կենտրոն,300000,785,18,0,16666.0,https://www.senyak.am/ofisayin-taratsq-kentronum-18qm--qbin
17/10/2025,05/11/2025,Երևան,Կենտրոն,290000,758,65,0,4461.0,https://www.senyak.am/vardzov-ofisayin-taratsq-kentronum--wekp
04/11/2025,,Երևան,Նուբարաշեն,450000,1177,300,0,1500.0,https://www.senyak.am/vardzov-arevtri-taratsq-nubarashenum--wdje
07/11/2025,,Երևան,Քանաքեռ Զեյթուն,900000,2355,125,0,7200.0,https://www.senyak.am/vardzov-ofisayin-taratsq-zeytunum--wdt8
05/11/2025,,Արմավիր,Էջմիածին քաղաք,1500000,3925,290,0,5172.0,https://www.senyak.am/vardzov-komercion-taratsq--wdpj
06/08/2025,05/11/2025,Երևան,Արաբկիր,850000,2224,40,0,21250.0,https://www.senyak.am/vardzov-komercion-taratsq-arabkirum--w4a4
07/11/2025,,Երևան,Կենտրոն,1146360,3000,60,0,19106.0,https://www.senyak.am/vardzov-norakaruyc-ofisayin-taratsq-kentronum--w14r
05/11/2025,,Երևան,Արաբկիր,6500000,17010,664,0,9789.0,https://www.senyak.am/vardzov-norakaruyc-ofisayin-taratsq-komitasum--wd0d
06/11/2025,,Երևան,Արաբկիր,900000,2355,500,0,1800.0,https://www.senyak.am/vardzov-artadramas-arabkirum--wdns
04/11/2025,,Երևան,Նուբարաշեն,200000,523,160,0,1250.0,https://www.senyak.am/vardzov-artadramas-nubarashenum--wdjf
05/11/2025,,Երևան,Արաբկիր,1500000,3925,210,0,7142.0,https://www.senyak.am/vardzov-shenq-shinutyun-arabkirum--wd0v
18/10/2025,03/11/2025,Երևան,Արաբկիր,2000000,5233,350,0,5714.0,https://www.senyak.am/vardzov-komercion-taratsq-arabkirum--we7h
05/11/2025,,Երևան,Կենտրոն,190000,497,25,0,7600.0,https://www.senyak.am/vardzov-ofisayin-taratsq-kentronum--wdpp
08/10/2025,04/11/2025,Երևան,Կենտրոն,1719540,4500,250,0,6878.0,https://www.senyak.am/vardzov-spasarkman-taratsq-kentronum--wee0
11/08/2025,02/11/2025,Երևան,Կենտրոն,400000,1046,45,0,8888.0,https://www.senyak.am/vardzov-ofisayin-taratsq-kentronum--wqed
24/01/2025,30/10/2025,Երևան,Կենտրոն,1200000,3140,130,0,9230.0,https://www.senyak.am/vardzov-komercion-taratsq-kentronum--quvu
15/10/2025,31/10/2025,Երևան,Արաբկիր,1200000,3140,155,0,7741.0,https://www.senyak.am/vardzov-komercion-taratsq-monumentum--werr
03/10/2025,03/11/2025,Երևան,Կենտրոն,850000,2224,120,0,7083.0,https://www.senyak.am/vardzov-spasarkman-taratsq-kentronum--w60z
01/11/2025,,Երևան,Արաբկիր,1600000,4187,360,0,4444.0,https://www.senyak.am/vardzov-ofisayin-taratsq-arabkirum--wdiq
15/10/2025,01/11/2025,Երևան,Կենտրոն,800000,2093,100,0,8000.0,https://www.senyak.am/vardzov-ofisayin-taratsq-kentronum--wepi
01/11/2025,05/11/2025,Երևան,Կենտրոն,800000,2093,90,0,8888.0,https://www.senyak.am/vardzov-spasarkman-taratsq-kentronum--wdx8
31/01/2025,30/10/2025,Երևան,Կենտրոն,2500000,6542,165,0,15151.0,https://www.senyak.am/vardzov-komercion-taratsq-hyusisayin-poxotayum--qbh3
12/08/2025,02/11/2025,Երևան,Կենտրոն,1100000,2878,200,0,5500.0,https://www.senyak.am/vardzov-ofisayin-taratsq-kentronum--wqdj
24/12/2024,05/11/2025,Երևան,Արաբկիր,19000000,49722,7778,0,2442.0,https://www.senyak.am/vardzov-arevtri-taratsq-qanaqerum--qmrl
18/10/2025,03/11/2025,Երևան,Կենտրոն,450000,1177,75,0,6000.0,https://www.senyak.am/vardzov-ofisayin-taratsq-kentronum--we7y
29/10/2025,,Երևան,Կենտրոն,480000,1256,102,0,4705.0,https://www.senyak.am/vardzov-ofisayin-taratsq-kentronum--w9tl
31/10/2025,,Երևան,Կենտրոն,420000,1099,66,0,6363.0,https://www.senyak.am/vardzov-komercion-taratsq-kentronum--wd62
08/02/2025,20/10/2025,Երևան,Կենտրոն,3800000,9944,400,0,9500.0,https://www.senyak.am/vardzov-artadramas-kentronum--q3gj
29/10/2025,,Երևան,Կենտրոն,700000,1831,152,0,4605.0,https://www.senyak.am/vardzov-ofisayin-taratsq-kentronum--w9l7
27/05/2025,31/10/2025,Երևան,Կենտրոն,400000,1046,55,0,7272.0,https://www.senyak.am/vardzov-ofisayin-taratsq-kentronum--qnjm
09/07/2025,26/10/2025,Երևան,Կենտրոն,1000000,2616,200,0,5000.0,https://www.senyak.am/vardzov-komercion-taratsq-kentronum--qlu1
01/10/2025,27/10/2025,Երևան,Կենտրոն,850000,2224,112,0,7589.0,https://www.senyak.am/vardzov-komercion-taratsq-kentronum--w6jm
01/10/2025,01/11/2025,Երևան,Կենտրոն,1100000,2878,75,0,14666.0,https://www.senyak.am/vardzov-norakaruyc-ofisayin-taratsq-kentronum--w6mc
25/08/2023,31/10/2025,Երևան,Կենտրոն,250000,654,18,0,13888.0,https://www.senyak.am/sdayu-v-arendu-ofis--uvb
14/10/2025,30/10/2025,Երևան,Դավթաշեն,200000,523,40,0,5000.0,https://www.senyak.am/vardzov-komercion-taratsq-davtashenum--we3b
17/01/2025,30/10/2025,Երևան,Կենտրոն,420000,1099,250,0,1680.0,https://www.senyak.am/vardzov-komercion-taratsq-kentronum--qugu
29/10/2025,,Երևան,Կենտրոն,1316000,3443,94,0,14000.0,https://www.senyak.am/vardzov-ofisayin-taratsq-kentronum--wd49
29/10/2025,,Երևան,Կենտրոն,200000,523,37,0,5405.0,https://www.senyak.am/vardzov-ofisayin-taratsq-kentronum--w9t0
30/09/2025,27/10/2025,Երևան,Կենտրոն,460000,1203,40,0,11500.0,https://www.senyak.am/vardzov-spasarkman-taratsq-kentronum--w6zm
05/02/2025,24/10/2025,Երևան,Կենտրոն,185000,484,21,0,8809.0,https://www.senyak.am/vardzov-ofisayin-taratsq-kentronum--qbky
03/09/2025,26/10/2025,Երևան,Կենտրոն,750000,1962,100,0,7500.0,https://www.senyak.am/vardzov-ofisayin-taratsq-kentronum--wwbp
29/10/2025,,Երևան,Կենտրոն,2000000,5233,215,0,9302.0,https://www.senyak.am/vardzov-ofisayin-taratsq-kentronum--wd4g
29/10/2025,,Երևան,Կենտրոն,700000,1831,105,0,6666.0,https://www.senyak.am/vardzov-ofisayin-taratsq-kentronum--w9tn
13/10/2025,27/10/2025,Երևան,Մալաթիա Սեբաստիա,450000,1177,130,0,3461.0,https://www.senyak.am/vardzov-norakaruyc-komercion-taratsq-malatia-sebastiayum--wem5
30/10/2025,,Երևան,Կենտրոն,2000000,5233,100,0,20000.0,https://www.senyak.am/vardzov-ofisayin-taratsq-kentronum--wd6a
03/09/2025,26/10/2025,Երևան,Կենտրոն,350000,915,60,0,5833.0,https://www.senyak.am/vardzov-spasarkman-taratsq-kentronum--wwbr
09/09/2025,11/10/2025,Երևան,Կենտրոն,1910600,5000,520,0,3674.0,https://www.senyak.am/vardzov-ofisayin-taratsq-kentronum--ww2s
14/10/2025,28/10/2025,Երևան,Արաբկիր,3821200,10000,140,0,27294.0,https://www.senyak.am/vardzov-komercion-taratsq-arabkirum--weus
18/10/2025,,Երևան,Կենտրոն,800000,2093,112,0,7142.0,https://www.senyak.am/vardzov-spasarkman-taratsq-kentronum--welx
29/04/2025,17/10/2025,Երևան,Շենգավիթ,1200000,3140,210,0,5714.0,https://www.senyak.am/vardzov-arevtri-taratsq-3-rd-masum--qvem
27/10/2025,,Երևան,Կենտրոն,2000000,5233,218,0,9174.0,https://www.senyak.am/vardzov-ofisayin-taratsq-kentronum--w9v7
22/10/2024,24/10/2025,Երևան,Կենտրոն,200000,523,100,0,2000.0,https://www.senyak.am/varcov-pahest-kentronum--q8ve
30/05/2025,13/10/2025,Երևան,Կենտրոն,1200000,3140,85,0,14117.0,https://www.senyak.am/vardzov-arevtri-taratsq-kentronum--qnah
28/02/2025,24/10/2025,Երևան,Ավան,1500000,3925,1000,0,1500.0,https://www.senyak.am/vardzov-arevtri-taratsq-avanum--q5li
01/10/2025,,Երևան,Էրեբունի,590000,1544,320,0,1843.0,https://www.senyak.am/vardzov-norakaruyc-ofisayin-taratsq-areshum--w6mn
06/06/2025,20/10/2025,Երևան,Մալաթիա Սեբաստիա,250000,654,40,0,6250.0,https://www.senyak.am/vardzov-komercion-taratsq-bangladeshum--q7xs
07/09/2025,06/10/2025,Երևան,Աջափնյակ,1700000,4448,1200,0,1416.0,https://www.senyak.am/vardzov-norakaruyc-komercion-taratsq-ajapnyakum--wwsj
17/09/2025,16/10/2025,Երևան,Կենտրոն,պայմանական,negotiable,74,0,,https://www.senyak.am/vardzov-ofisayin-taratsq-kentronum--wgo9
04/10/2025,,Երևան,Կենտրոն,650000,1701,180,0,3611.0,https://www.senyak.am/vardzov-norakaruyc-ofisayin-taratsq-kentronum--w6sc
25/10/2024,01/10/2025,Երևան,Արաբկիր,350000,915,100,0,3500.0,https://www.senyak.am/vardzov-ofisayin-taratsq-arabkirum--qfw0
19/03/2024,09/10/2025,Երևան,Կենտրոն,4000000,10467,490,0,8163.0,https://www.senyak.am/vardzov-ofisayin-taratsq-kentronum--nsw
09/04/2025,01/10/2025,Երևան,Կենտրոն,1146360,3000,250,0,4585.0,https://www.senyak.am/vardzov-ofisayin-taratsq-kentronum--qaf1
31/01/2025,01/10/2025,Երևան,Կենտրոն,687816,1800,110,0,6252.0,https://www.senyak.am/vardzov-ofisayin-taratsq-kentronum--qbcl
10/04/2025,01/10/2025,Երևան,Կենտրոն,800000,2093,120,0,6666.0,https://www.senyak.am/vardzov-ofisayin-taratsq-kentronum--qao4
06/05/2025,01/10/2025,Երևան,Քանաքեռ Զեյթուն,450000,1177,92,0,4891.0,https://www.senyak.am/vardzov-spasarkman-taratsq-raykomum--qvv4
11/10/2025,,Երևան,Շենգավիթ,400000,1046,45,0,8888.0,https://www.senyak.am/vardzov-norakaruyc-ofisayin-taratsq-3-rd-masum--wef2
07/08/2025,01/10/2025,Երևան,Արաբկիր,500000,1308,50,0,10000.0,https://www.senyak.am/vardzov-norakaruyc-ofisayin-taratsq-arabkirum--w4vb
14/10/2025,,Երևան,Կենտրոն,1350000,3532,200,0,6750.0,https://www.senyak.am/vardzov-norakaruyc-ofisayin-taratsq-kentronum--weu8
10/10/2025,,Երևան,Կենտրոն,880000,2302,160,0,5500.0,https://www.senyak.am/vardzov-ofisayin-taratsq-kentronum--weih
12/07/2025,09/09/2025,Երևան,Նոր Նորք,400000,1046,100,0,4000.0,https://www.senyak.am/vardzov-norakaruyc-ofisayin-taratsq-1-in-masivum--ql0m
25/07/2025,04/11/2025,Երևան,Դավթաշեն,250000,654,60,0,4166.0,https://www.senyak.am/vardzov-ofisayin-taratsq-davtashenum--qt0d
06/05/2025,01/10/2025,Երևան,Կենտրոն,726028,1900,68,0,10676.0,https://www.senyak.am/vardzov-ofisayin-taratsq-kentronum--qvvq
16/01/2025,01/10/2025,Երևան,Կենտրոն,400000,1046,60,0,6666.0,https://www.senyak.am/vardzov-ofisayin-taratsq-kentronum--quqt
11/10/2025,,Երևան,Շենգավիթ,200000,523,50,0,4000.0,https://www.senyak.am/spasarkman-taratsq-shengavitum-50qm--weyb
26/09/2025,,Երևան,Կենտրոն,230000,601,50,0,4600.0,https://www.senyak.am/vardzov-ofisayin-taratsq-kentronum--wgwv
08/02/2025,04/09/2025,Երևան,Արաբկիր,450000,1177,103,0,4368.0,https://www.senyak.am/vardzov-ofisayin-taratsq-arabkirum--q3g2
05/09/2025,16/09/2025,Երևան,Արաբկիր,2000000,5233,300,0,6666.0,https://www.senyak.am/vardzov-norakaruyc-ofisayin-taratsq-arabkirum--wwr5
28/05/2025,29/09/2025,Երևան,Կենտրոն,1000000,2616,90,0,11111.0,https://www.senyak.am/vardzov-ofisayin-taratsq-kentronum--qnub
30/04/2025,05/10/2025,Երևան,Արաբկիր,550000,1439,170,0,3235.0,https://www.senyak.am/vardzov-ofisayin-taratsq-arabkirum--qvxc
29/10/2025,,Երևան,Կենտրոն,2101660,5500,110,0,19106.0,https://www.senyak.am/vardzov-komercion-taratsq-kentronum--w9tv
03/10/2025,,Երևան,Կենտրոն,1910600,5000,110,0,17369.0,https://www.senyak.am/vardzov-spasarkman-taratsq-kentronum--w6ae
27/02/2025,26/09/2025,Երևան,Շենգավիթ,600000,1570,500,0,1200.0,https://www.senyak.am/vardzov-artadramas-3-rd-masum--q5kv
30/09/2025,,Երևան,Կենտրոն,1000000,2616,120,0,8333.0,https://www.senyak.am/vardzov-ofisayin-taratsq-kentronum--w6zh
28/05/2025,19/09/2025,Երևան,Կենտրոն,260000,680,16,0,16250.0,https://www.senyak.am/vardzov-arevtri-taratsq-kentronum--qnuu
18/09/2025,,Երևան,Կենտրոն,3630140,9500,310,0,11710.0,https://www.senyak.am/vardzov-ofisayin-taratsq-kentronum--wgjr
24/07/2025,16/09/2025,Երևան,Արաբկիր,1000000,2616,240,0,4166.0,https://www.senyak.am/vardzov-ofisayin-taratsq-arabkirum--qtur
19/05/2025,19/09/2025,Երևան,Կենտրոն,220000,575,15,0,14666.0,https://www.senyak.am/vardzov-arevtri-taratsq-kentronum--qkke
19/05/2025,19/09/2025,Երևան,Շենգավիթ,250000,654,13,0,19230.0,https://www.senyak.am/vardzov-spasarkman-taratsq-3-rd-masum--qkkg
22/05/2025,16/09/2025,Երևան,Նոր Նորք,300000,785,80,0,3750.0,https://www.senyak.am/vardzov-ofisayin-taratsq-nor-norqum--qnw7
05/12/2024,11/09/2025,Երևան,Կենտրոն,200000,523,30,0,6666.0,https://www.senyak.am/ofisayin-taratsq-kentronum-30qm--qz4o
22/09/2025,,Երևան,Արաբկիր,400000,1046,98,0,4081.0,https://www.senyak.am/vardzov-ofisayin-taratsq-arabkirum--wgsw
20/04/2025,30/07/2025,Երևան,Կենտրոն,500000,1308,125,0,4000.0,https://www.senyak.am/vardzov-ofisayin-taratsq-kentronum--qs8m
26/07/2025,,Երևան,Կենտրոն,420000,1099,70,0,6000.0,https://www.senyak.am/vardzov-ofisayin-taratsq-kentronum--q7c6
06/06/2025,16/09/2025,Երևան,Արաբկիր,2101660,5500,550,0,3821.0,https://www.senyak.am/vardzov-norakaruyc-ofisayin-taratsq-komitasum--q7iq
25/11/2024,16/09/2025,Երևան,Կենտրոն,1300000,3402,310,0,4193.0,https://www.senyak.am/vardzov-komercion-taratsq-kentronum--qhtg
14/02/2025,26/07/2025,Երևան,Կենտրոն,350000,915,100,0,3500.0,https://www.senyak.am/vardzov-ofisayin-taratsq-kentronum--q3zo
09/07/2025,19/09/2025,Երևան,Աջափնյակ,120000,314,42,0,2857.0,https://www.senyak.am/vardzov-spasarkman-taratsq-ajapnyakum--qlmo
20/06/2025,09/09/2025,Երևան,Աջափնյակ,1250000,3271,420,0,2976.0,https://www.senyak.am/vardzov-ofisayin-taratsq-15-kvartalum--q2y1
23/05/2025,18/08/2025,Երևան,Արաբկիր,230000,601,40,0,5750.0,https://www.senyak.am/vardzov-ofisayin-taratsq-arabkirum--qn1h
20/11/2024,27/07/2025,Երևան,Կենտրոն,200000,523,100,0,2000.0,https://www.senyak.am/vardzov-ofisayin-taratsq-kentronum--qhxf
08/04/2025,25/09/2025,Երևան,Շենգավիթ,250000,654,37,0,6756.0,https://www.senyak.am/vardzov-norakaruyc-ofisayin-taratsq-3-rd-masum--qa99
04/05/2025,30/07/2025,Երևան,Կենտրոն,1528480,4000,105,0,14556.0,https://www.senyak.am/norakaruyc-ofisayin-taratsq-kentronum-105qm--qv59
13/09/2025,,Երևան,Կենտրոն,1200000,3140,160,0,7500.0,https://www.senyak.am/vardzov-ofisayin-taratsq-kentronum--wg99
06/07/2025,,Երևան,Կենտրոն,1100000,2878,110,0,10000.0,https://www.senyak.am/vardzov-ofisayin-taratsq-kentronum--qlfp
02/07/2025,24/08/2025,Երևան,Կենտրոն,պայմանական,negotiable,68,0,,https://www.senyak.am/vardzov-ofisayin-taratsq-kentronum--ql9x
15/02/2025,30/07/2025,Երևան,Կենտրոն,280000,732,35,0,8000.0,https://www.senyak.am/vardzov-ofisayin-taratsq-kentronum--q334
04/08/2025,15/08/2025,Երևան,Կենտրոն,220000,575,40,0,5500.0,https://www.senyak.am/vardzov-ofisayin-taratsq-kentronum--w4ul
30/08/2025,,Երևան,Արաբկիր,700000,1831,90,0,7777.0,https://www.senyak.am/vardzov-ofisayin-taratsq-arabkirum--wwc3
13/09/2022,30/07/2025,Երևան,Կենտրոն,770000,2015,70,0,11000.0,https://www.senyak.am/vardzov-ofisayin-taratsq-kentronum--d9g
08/09/2025,,Երևան,Կենտրոն,32000000,83743,5000,0,6400.0,https://www.senyak.am/vardzov-norakaruyc-ofisayin-taratsq-kentronum--wwkh
23/08/2025,,Երևան,Կենտրոն,4900,12,163,0,30.0,https://www.senyak.am/vardzov-norakaruyc-ofisayin-taratsq-hyusisayin-poxotayum--ww4z
18/04/2023,13/09/2025,Երևան,Կենտրոն,100000,261,10,0,10000.0,https://www.senyak.am/vardzov-pahest-kentronum--h4s
22/05/2025,22/08/2025,Երևան,Արաբկիր,650000,1701,120,0,5416.0,https://www.senyak.am/vardzov-ofisayin-taratsq-arabkirum--qnwc
12/11/2024,19/09/2025,Երևան,Դավթաշեն,650000,1701,270,0,2407.0,https://www.senyak.am/vardzov-spasarkman-taratsq-davtashenum--qcx0
27/03/2025,30/07/2025,Երևան,Կենտրոն,200000,523,50,0,4000.0,https://www.senyak.am/vardzov-ofisayin-taratsq-kentronum--qp8x
13/09/2022,30/07/2025,Երևան,Կենտրոն,440000,1151,40,0,11000.0,https://www.senyak.am/vardzov-norakaruyc-ofisayin-taratsq-kentronum--d9q
23/08/2025,08/09/2025,Երևան,Արաբկիր,955300,2500,278,0,3436.0,https://www.senyak.am/vardzov-ofisayin-taratsq-arabkirum--wqti
22/05/2025,22/08/2025,Երևան,Քանաքեռ Զեյթուն,250000,654,40,0,6250.0,https://www.senyak.am/vardzov-ofisayin-taratsq-monumentum--qnwk
01/08/2025,21/08/2025,Երևան,Կենտրոն,1500000,3925,137,0,10948.0,https://www.senyak.am/vardzov-norakaruyc-arevtri-taratsq-kentronum--w4iv
22/05/2025,12/08/2025,Երևան,Արաբկիր,280000,732,50,0,5600.0,https://www.senyak.am/vardzov-ofisayin-taratsq-arabkirum--qnwo
20/05/2025,14/08/2025,Երևան,Կենտրոն,750000,1962,180,0,4166.0,https://www.senyak.am/vardzov-ofisayin-taratsq-kentronum--qk74
22/05/2025,14/08/2025,Երևան,Արաբկիր,350000,915,71,0,4929.0,https://www.senyak.am/vardzov-ofisayin-taratsq-arabkirum--qnwu
08/09/2025,,Երևան,Կենտրոն,650000,1701,85,0,7647.0,https://www.senyak.am/vardzov-ofisayin-taratsq-kentronum--wwko
22/08/2025,,Երևան,Կենտրոն,950000,2486,100,0,9500.0,https://www.senyak.am/vardzov-ofisayin-taratsq-kentronum--wq2l
20/05/2025,22/08/2025,Երևան,Կենտրոն,600000,1570,60,0,10000.0,https://www.senyak.am/vardzov-ofisayin-taratsq-kentronum--qknl
20/05/2025,14/08/2025,Երևան,Կենտրոն,400000,1046,51,0,7843.0,https://www.senyak.am/vardzov-ofisayin-taratsq-kentronum--qk7w
23/08/2025,,Երևան,Կենտրոն,1528480,4000,260,0,5878.0,https://www.senyak.am/vardzov-ofisayin-taratsq-kentronum--wqtj
13/09/2022,30/07/2025,Երևան,Կենտրոն,220000,575,20,0,11000.0,https://www.senyak.am/vardzov-1-senyakanoc-norakaruyc-bnakaran-kentronum--det
08/10/2024,26/07/2025,Երևան,Կենտրոն,235000,614,16,0,14687.0,https://www.senyak.am/sdayu-v-arendu-ofis--qimf
17/07/2025,04/08/2025,Երևան,Կենտրոն,110000,287,14,0,7857.0,https://www.senyak.am/vardzov-ofisayin-taratsq-kentronum--qllj
16/04/2025,13/08/2025,Երևան,Աջափնյակ,200000,523,150,0,1333.0,https://www.senyak.am/vardzov-spasarkman-taratsq-halabyanum--qatx
22/05/2025,12/08/2025,Երևան,Արաբկիր,550000,1439,97,0,5670.0,https://www.senyak.am/vardzov-ofisayin-taratsq-arabkirum--qnw5
12/05/2025,27/06/2025,Երևան,Կենտրոն,400000,1046,80,0,5000.0,https://www.senyak.am/vardzov-ofisayin-taratsq-kentronum--qkxr
08/08/2025,,Երևան,Կենտրոն,764240,2000,135,0,5661.0,https://www.senyak.am/vardzov-ofisayin-taratsq-kentronum--w42i
26/05/2025,14/08/2025,Երևան,Կենտրոն,300000,785,60,0,5000.0,https://www.senyak.am/vardzov-ofisayin-taratsq-kentronum--qnyr
23/08/2025,,Երևան,Կենտրոն,380000,994,74,0,5135.0,https://www.senyak.am/vardzov-ofisayin-taratsq-kentronum--wqtx
13/08/2025,,Երևան,Մալաթիա Սեբաստիա,380000,994,90,0,4222.0,https://www.senyak.am/vardzov-norakaruyc-ofisayin-taratsq-malatia-sebastiayum--wq84
19/08/2025,,Երևան,Դավթաշեն,1800000,4710,328,0,5487.0,https://www.senyak.am/vardzov-ofisayin-taratsq-davtashenum--wqpf
02/07/2025,,Երևան,Արաբկիր,1719540000,4500000,850,0,2022988.0,https://www.senyak.am/vardzov-ofisayin-taratsq-arabkirum--ql6v
25/09/2024,24/06/2025,Երևան,Էրեբունի,620000,1622,340,0,1823.0,https://www.senyak.am/vardzov-pahest-erebunium--qxo9
22/05/2025,12/08/2025,Երևան,Կենտրոն,400000,1046,30,0,13333.0,https://www.senyak.am/vardzov-ofisayin-taratsq-kentronum--qngq
19/05/2025,09/07/2025,Երևան,Արաբկիր,200000,523,45,0,4444.0,https://www.senyak.am/vardzov-ofisayin-taratsq-arabkirum--qknw
11/08/2025,,Երևան,Կենտրոն,1000000,2616,95,0,10526.0,https://www.senyak.am/vardzov-ofisayin-taratsq-kentronum--wq90
29/05/2025,14/08/2025,Երևան,Կենտրոն,200000,523,80,0,2500.0,https://www.senyak.am/vardzov-pahest-kentronum--qn33
29/08/2025,,Երևան,Շենգավիթ,1100000,2878,380,0,2894.0,https://www.senyak.am/vardzov-arevtri-taratsq-hayreniqum--wwiu
27/02/2025,16/08/2025,Երևան,Շենգավիթ,400000,1046,70,0,5714.0,https://www.senyak.am/vardzov-norakaruyc-ofisayin-taratsq-3-rd-masum--q5kh
16/07/2025,,Երևան,Էրեբունի,120000,314,20,0,6000.0,https://www.senyak.am/vardzov-ofisayin-taratsq-erebunium--qlnj
07/07/2025,18/07/2025,Երևան,Կենտրոն,220000,575,50,0,4400.0,https://www.senyak.am/vardzov-arevtri-taratsq-kentronum--qlh8
21/05/2025,12/08/2025,Երևան,Շենգավիթ,400000,1046,350,0,1142.0,https://www.senyak.am/vardzov-ofisayin-taratsq-3-rd-masum--qktj
22/05/2025,12/08/2025,Երևան,Աջափնյակ,350000,915,100,0,3500.0,https://www.senyak.am/vardzov-ofisayin-taratsq-shinararnerum--qnge
20/05/2025,22/08/2025,Երևան,Դավթաշեն,220000,575,50,0,4400.0,https://www.senyak.am/vardzov-ofisayin-taratsq-davtashenum--qk71
13/07/2023,08/11/2025,Երևան,Աջափնյակ,382120,1000,125,0,3056.0,https://www.senyak.am/ofisayin-taratsq-halabyanum-185qm--m2h
13/07/2023,08/11/2025,Երևան,Աջափնյակ,382120,1000,125,0,3056.0,https://www.senyak.am/ofisayin-taratsq-halabyanum-185qm--m2h#youtubeVideo
30/07/2025,,Երևան,Կենտրոն,5349680,14000,600,0,8916.0,https://www.senyak.am/vardzov-spasarkman-taratsq-kentronum--w4gz
21/05/2025,14/08/2025,Երևան,Շենգավիթ,360000,942,64,0,5625.0,https://www.senyak.am/vardzov-ofisayin-taratsq-3-rd-masum--qkty
16/05/2025,27/06/2025,Երևան,Կենտրոն,450000,1177,95,0,4736.0,https://www.senyak.am/vardzov-ofisayin-taratsq-kentronum--qkun
30/09/2024,29/05/2025,Երևան,Կենտրոն,1400000,3663,220,0,6363.0,https://www.senyak.am/vardzov-spasarkman-taratsq-kentronum--qxs6
06/08/2025,,Երևան,Կենտրոն,1000000,2616,40,0,25000.0,https://www.senyak.am/vardzov-spasarkman-taratsq-kentronum--w4a1
21/05/2025,12/08/2025,Երևան,Շենգավիթ,450000,1177,108,0,4166.0,https://www.senyak.am/vardzov-ofisayin-taratsq-hayreniqum--qkti
21/05/2025,12/08/2025,Երևան,Շենգավիթ,260000,680,54,0,4814.0,https://www.senyak.am/vardzov-ofisayin-taratsq-3-rd-masum--qkth
26/08/2024,29/05/2025,Երևան,Արաբկիր,600000,1570,140,0,4285.0,https://www.senyak.am/vardzov-arevtri-taratsq-komitasum--qd94
17/06/2025,,Երևան,Էրեբունի,250000,654,37,0,6756.0,https://www.senyak.am/vardzov-arevtri-taratsq-areshum--q26s
10/09/2024,29/05/2025,Երևան,Կենտրոն,265000,693,47,0,5638.0,https://www.senyak.am/vardzov-ofisayin-taratsq-kentronum--q1fm
08/04/2025,27/05/2025,Երևան,Կենտրոն,450000,1177,60,0,7500.0,https://www.senyak.am/vardzov-norakaruyc-ofisayin-taratsq-kentronum--qaxi
21/05/2025,02/06/2025,Երևան,Էրեբունի,210000,549,35,0,6000.0,https://www.senyak.am/vardzov-arevtri-taratsq-areshum--qklz
26/03/2025,24/05/2025,Երևան,Արաբկիր,450000,1177,90,0,5000.0,https://www.senyak.am/vardzov-ofisayin-taratsq-arabkirum--qpdu
20/03/2024,29/05/2025,Երևան,Կենտրոն,450000,1177,67,0,6716.0,https://www.senyak.am/vardzov-ofisayin-taratsq-kentronum--n7q
04/06/2025,18/06/2025,Երևան,Արաբկիր,2216296,5800,700,0,3166.0,https://www.senyak.am/vardzov-komercion-taratsq-arabkirum--q7ew
03/09/2024,29/05/2025,Երևան,Կենտրոն,400000,1046,60,0,6666.0,https://www.senyak.am/vardzov-ofisayin-taratsq-kentronum--qdvl
21/05/2025,02/06/2025,Երևան,Կենտրոն,250000,654,70,0,3571.0,https://www.senyak.am/vardzov-ofisayin-taratsq-kentronum--qkly
24/05/2025,,Երևան,Կենտրոն,210000,549,40,0,5250.0,https://www.senyak.am/vardzov-ofisayin-taratsq-kentronum--qnip
24/11/2024,06/07/2025,Երևան,Կենտրոն,3248020,8500,280,0,11600.0,https://www.senyak.am/vardzov-spasarkman-taratsq-kentronum--qh26
02/04/2025,24/05/2025,Արմավիր,Այգեկ գյուղ,800000,2093,500,0,1600.0,https://www.senyak.am/artadramas-500qm--qpa5
24/11/2024,06/07/2025,Երևան,Կենտրոն,2900000,7589,350,0,8285.0,https://www.senyak.am/vardzov-spasarkman-taratsq-kentronum--qh2e
12/11/2024,03/07/2025,Երևան,Դավթաշեն,270000,706,60,0,4500.0,https://www.senyak.am/vardzov-ofisayin-taratsq-davtashenum--qcxn
08/09/2025,,Երևան,Աջափնյակ,60000,157,50,0,1200.0,https://www.senyak.am/vardzov-pahest-15-kvartalum--wwke
09/07/2025,,Երևան,Կենտրոն,պայմանական,negotiable,30,0,,https://www.senyak.am/vardzov-arevtri-taratsq-kentronum--qlmi
12/06/2025,,Երևան,Արաբկիր,200000,523,30,0,6666.0,https://www.senyak.am/vardzov-arevtri-taratsq-arabkirum--q70n
13/06/2024,27/05/2025,Երևան,Կենտրոն,650000,1701,95,0,6842.0,https://www.senyak.am/vardzov-ofisayin-taratsq-kentronum--qqbm
15/12/2022,27/05/2025,Երևան,Էրեբունի,1800000,4710,340,0,5294.0,https://www.senyak.am/vardzov-komercion-taratsq-kayaranum--ixw
26/03/2025,29/05/2025,Երևան,Կենտրոն,1300000,3402,125,0,10400.0,https://www.senyak.am/vardzov-arevtri-taratsq-kentronum--qpga
05/12/2022,27/05/2025,Երևան,Դավթաշեն,450000,1177,1200,0,375.0,https://www.senyak.am/vardzov-komercion-taratsq-davtashenum--xv8
23/06/2025,,Կոտայք,Հրազդան,650000,1701,750,0,866.0,https://www.senyak.am/vardzov-spasarkman-taratsq-hrazdanum--q2j2
07/02/2025,03/06/2025,Երևան,Կենտրոն,200000,523,65,0,3076.0,https://www.senyak.am/vardzov-ofisayin-taratsq-kentronum--qbt2
31/10/2025,11/11/2025,Երևան,Կենտրոն,4585440,12000,209,0,21939.0,https://myrealty.am/hy/vardzov-komercion-taracq/Saryan+St/Center/Yerevan/157535
30/01/2025,06/11/2025,Երևան,Կենտրոն,1452056,3800,300,0,4840.0,https://myrealty.am/hy/vardzov-komercion-taracq/Isakov+Ave/Center/Yerevan/154555
15/02/2025,03/11/2025,Երևան,Աջափնյակ,1306850,3419,331,0,3948.0,https://myrealty.am/hy/vardzov-komercion-taracq/Leningradyan+St/Ajapnyak/Yerevan/154706
15/07/2023,06/11/2025,Երևան,Կենտրոն,764240,2000,78,0,9797.0,https://myrealty.am/hy/vardzov-komercion-taracq/Mashtots+Ave/Center/Yerevan/137353
26/10/2025,27/10/2025,Երևան,Մալաթիա Սեբաստիա,747809,1957,196,0,3815.0,https://myrealty.am/hy/vardzov-komercion-taracq/Leningradyan+st./Malatia-Sebastia/Yerevan/157082
22/08/2025,06/10/2025,Երևան,Կենտրոն,1337420,3500,235,0,5691.0,https://myrealty.am/hy/vardzov-komercion-taracq/E.+Qochar+St/Center/Yerevan/156377
28/06/2024,06/11/2025,Երևան,Կենտրոն,840664,2200,190,0,4424.0,https://myrealty.am/hy/vardzov-komercion-taracq/Arshakunyats+Ave/Center/Yerevan/151549
22/05/2024,15/11/2025,Երևան,Կենտրոն,1337420,3500,280,0,4776.0,https://myrealty.am/hy/vardzov-komercion-taracq-norakaruycum/Antarayin+St/Center/Yerevan/149825
25/07/2025,06/11/2025,Երևան,Նորք Մարաշ,9553000,25000,1900,0,5027.0,https://myrealty.am/hy/vardzov-komercion-taracq-norakaruycum/Armenak+Armenakyan+St/Nork-Marash/Yerevan/156019
15/10/2025,15/10/2025,Երևան,Կենտրոն,504398,1319,76,0,6636.0,https://myrealty.am/hy/vardzov-komercion-taracq/Pushkin+St/Center/Yerevan/156984
19/12/2024,06/11/2025,Երևան,Կենտրոն,7642400,20000,1740,0,4392.0,https://myrealty.am/hy/vardzov-komercion-taracq/Mashtots+Ave/Center/Yerevan/154073
01/11/2025,07/11/2025,Երևան,Արաբկիր,420332,1100,90,0,4670.0,https://myrealty.am/hy/vardzov-komercion-taracq/A.+Avetisyan+St/Arabkir/Yerevan/157333
11/12/2024,06/11/2025,Երևան,Կենտրոն,3821200,10000,162,0,23587.0,https://myrealty.am/hy/vardzov-komercion-taracq/Abovyan+St/Center/Yerevan/154004
23/09/2025,23/09/2025,Երևան,Կենտրոն,1146360,3000,110,0,10421.0,https://myrealty.am/hy/vardzov-komercion-taracq/Nalbandyan+St/Center/Yerevan/156759
07/10/2025,07/10/2025,Երևան,Կենտրոն,955300,2500,302,0,3163.0,https://myrealty.am/hy/vardzov-komercion-taracq/Arshakunyats+Ave/Center/Yerevan/156912
27/06/2024,30/09/2025,Երևան,Կենտրոն,3526968,9230,300,0,11756.0,https://myrealty.am/hy/vardzov-komercion-taracq-norakaruycum/Amiryan+St/Center/Yerevan/151472
12/04/2025,05/11/2025,Երևան,Արաբկիր,1795964,4700,687,0,2614.0,https://myrealty.am/hy/vardzov-komercion-taracq/Barbyus+St/Arabkir/Yerevan/155229
21/06/2023,08/10/2025,Երևան,Կենտրոն,351550,919,95,0,3700.0,https://myrealty.am/hy/vardzov-komercion-taracq-norakaruycum/Argishti+St/Center/Yerevan/136117
19/08/2025,06/11/2025,Երևան,Կենտրոն,4165108,10900,715,0,5825.0,https://myrealty.am/hy/vardzov-komercion-taracq-norakaruycum/Mher+Mkrtchyan+St/Center/Yerevan/156329
09/07/2024,03/11/2025,Երևան,Կենտրոն,802452,2100,98,0,8188.0,https://myrealty.am/hy/vardzov-komercion-taracq/Tumanyan+St/Center/Yerevan/151708
19/07/2023,13/10/2025,Երևան,Կենտրոն,193353,506,28,0,6905.0,https://myrealty.am/hy/vardzov-komercion-taracq/Saryan+St/Center/Yerevan/137591
21/02/2024,18/09/2025,Երևան,Արաբկիր,500577,1309,150,0,3337.0,https://myrealty.am/hy/vardzov-komercion-taracq/V.Vagharshyan+St/Arabkir/Yerevan/145209
01/04/2025,14/11/2025,Երևան,Արաբկիր,955300,2500,242,0,3947.0,https://myrealty.am/hy/vardzov-komercion-taracq-norakaruycum/Azatutyan+Ave/Arabkir/Yerevan/157615
21/07/2025,14/10/2025,Երևան,Աջափնյակ,351550,919,59,0,5958.0,https://myrealty.am/hy/vardzov-komercion-taracq/Hasratyan+st./Ajapnyak/Yerevan/155989
26/11/2022,27/09/2025,Երևան,Կենտրոն,5533098,14480,404,0,13695.0,https://myrealty.am/hy/vardzov-komercion-taracq-norakaruycum/Amiryan+St/Center/Yerevan/127157
28/08/2025,27/10/2025,Երևան,Արաբկիր,603750,1580,78,0,7740.0,https://myrealty.am/hy/vardzov-komercion-taracq/Komitas+Ave/Arabkir/Yerevan/156504
10/01/2024,27/06/2024,Երևան,Արաբկիր,1418047,3710,197,0,7198.0,https://myrealty.am/hy/vardzov-komercion-taracq/N.+Zaryan+St/Arabkir/Yerevan/143496
14/08/2024,06/11/2025,Երևան,Կենտրոն,2216296,5800,225,0,9850.0,https://myrealty.am/hy/vardzov-komercion-taracq-norakaruycum/Argishti+St/Center/Yerevan/152531
08/07/2025,06/11/2025,Երևան,Աջափնյակ,7642400,20000,3000,0,2547.0,https://myrealty.am/hy/vardzov-komercion-taracq/Gevorg+Chaush+St/Ajapnyak/Yerevan/155899
09/06/2022,11/09/2025,Երևան,Արաբկիր,450902,1180,86,0,5243.0,https://myrealty.am/hy/vardzov-komercion-taracq/A.+Khachatrian+St/Arabkir/Yerevan/122410
05/09/2025,05/09/2025,Երևան,Կենտրոն,687816,1800,76,0,9050.0,https://myrealty.am/hy/vardzov-komercion-taracq-norakaruycum/Antarayin+St/Center/Yerevan/156599
05/08/2024,09/07/2025,Երևան,Կենտրոն,477650,1250,41,0,11650.0,https://myrealty.am/hy/vardzov-komercion-taracq-norakaruycum/Teryan+St/Center/Yerevan/152353
01/12/2022,09/07/2025,Երևան,Կենտրոն,878876,2300,150,0,5859.0,https://myrealty.am/hy/vardzov-komercion-taracq/Heratsi+St/Center/Yerevan/127323
16/06/2022,09/09/2025,Երևան,Կենտրոն,1146360,3000,200,0,5731.0,https://myrealty.am/hy/vardzov-komercion-taracq/Teryan+St/Center/Yerevan/122615
15/01/2025,09/07/2025,Երևան,Կենտրոն,1337420,3500,260,0,5143.0,https://myrealty.am/hy/vardzov-komercion-taracq-norakaruycum/Kilikia+district/Center/Yerevan/154356
06/06/2025,09/07/2025,Երևան,Կենտրոն,298054,780,38,0,7843.0,https://myrealty.am/hy/vardzov-komercion-taracq/Tigran+Mets+Ave/Center/Yerevan/155587
04/05/2025,12/07/2025,Երևան,Քանաքեռ Զեյթուն,955300,2500,158,0,6046.0,https://myrealty.am/hy/vardzov-komercion-taracq-norakaruycum/K.+Ulnetsi+St/Kanaqer-Zeytun/Yerevan/155361
15/02/2024,09/07/2025,Երևան,Արաբկիր,1413844,3700,240,0,5891.0,https://myrealty.am/hy/vardzov-komercion-taracq/Baghramyan+av%28Arabkir%29/Arabkir/Yerevan/144943
02/11/2022,09/07/2025,Երևան,Արաբկիր,290411,759,36,0,8066.0,https://myrealty.am/hy/vardzov-komercion-taracq/Komitas+Ave/Arabkir/Yerevan/126332
25/11/2024,09/07/2025,Երևան,Կենտրոն,290411,759,90,0,3226.0,https://myrealty.am/hy/vardzov-komercion-taracq/Kajaznuni+St/Center/Yerevan/153884
05/07/2025,09/09/2025,Երևան,Քանաքեռ Զեյթուն,687816,1800,400,0,1719.0,https://myrealty.am/hy/vardzov-komercion-taracq/K.+Ulnetsi+St/Kanaqer-Zeytun/Yerevan/155892
03/06/2024,09/07/2025,Երևան,Կենտրոն,1161645,3040,83,0,13995.0,https://myrealty.am/hy/vardzov-komercion-taracq/Nalbandyan+St/Center/Yerevan/150339
26/04/2024,09/07/2025,Երևան,Արաբկիր,798631,2090,165,0,4840.0,https://myrealty.am/hy/vardzov-komercion-taracq/Komitas+Ave/Arabkir/Yerevan/148385
12/09/2023,25/08/2025,Երևան,Կենտրոն,353461,925,52,0,6797.0,https://myrealty.am/hy/vardzov-komercion-taracq/Mashtots+Ave/Center/Yerevan/140295
20/04/2023,09/07/2025,Երևան,Արաբկիր,1547586,4050,400,0,3868.0,https://myrealty.am/hy/vardzov-komercion-taracq/Azatutyan+Ave/Arabkir/Yerevan/132741
16/06/2025,13/08/2025,Երևան,Կենտրոն,687816,1800,152,0,4525.0,https://myrealty.am/hy/vardzov-komercion-taracq-norakaruycum/Antarayin+St/Center/Yerevan/155678
01/03/2024,09/07/2025,Երևան,Կենտրոն,393584,1030,90,0,4373.0,https://myrealty.am/hy/vardzov-komercion-taracq/Arshakunyats+Ave/Center/Yerevan/145566
05/08/2024,09/07/2025,Երևան,Կենտրոն,573180,1500,54,0,10614.0,https://myrealty.am/hy/vardzov-komercion-taracq-norakaruycum/Amiryan+St/Center/Yerevan/152349
10/06/2022,09/07/2025,Երևան,Կենտրոն,1260996,3300,110,0,11463.0,https://myrealty.am/hy/vardzov-komercion-taracq/Sayat-Nova+Ave/Center/Yerevan/122438
22/11/2024,09/07/2025,Երևան,Կենտրոն,278948,730,48,0,5811.0,https://myrealty.am/hy/vardzov-komercion-taracq/Khanjyan+St/Center/Yerevan/153870
14/08/2025,14/08/2025,Երևան,Կենտրոն,764240,2000,95,0,8044.0,https://myrealty.am/hy/vardzov-komercion-taracq/Mashtots+Ave/Center/Yerevan/156227
26/03/2024,09/07/2025,Երևան,Կենտրոն,1528480,4000,180,0,8491.0,https://myrealty.am/hy/vardzov-komercion-taracq/Tumanyan+St/Center/Yerevan/146956
30/11/2023,09/07/2025,Երևան,Կենտրոն,477650,1250,70,0,6823.0,https://myrealty.am/hy/vardzov-komercion-taracq-norakaruycum/Buzand+St/Center/Yerevan/142686
14/05/2024,09/07/2025,Երևան,Կենտրոն,680174,1780,48,0,14170.0,https://myrealty.am/hy/vardzov-komercion-taracq/Koryun+St/Center/Yerevan/149411
25/05/2023,10/07/2025,Երևան,Կենտրոն,198702,519,33,0,6021.0,https://myrealty.am/hy/vardzov-komercion-taracq/Abovyan+St/Center/Yerevan/134690
31/07/2023,09/07/2025,Երևան,Կենտրոն,1486447,3890,250,0,5945.0,https://myrealty.am/hy/vardzov-komercion-taracq-norakaruycum/Tsitsernakaberd+Highway/Center/Yerevan/138176
15/04/2023,15/07/2025,Երևան,Մալաթիա Սեբաստիա,1910600,5000,900,0,2122.0,https://myrealty.am/hy/vardzov-komercion-taracq/A.+Babajanyan+St/Malatia-Sebastia/Yerevan/132532
30/01/2023,09/07/2025,Երևան,Կենտրոն,840664,2200,241,0,3488.0,https://myrealty.am/hy/vardzov-komercion-taracq/G.Lusavorich+St/Center/Yerevan/128645
12/12/2024,09/07/2025,Երևան,Կենտրոն,363014,950,30,0,12100.0,https://myrealty.am/hy/vardzov-komercion-taracq/Teryan+St/Center/Yerevan/154010
13/08/2025,28/08/2025,Երևան,Արաբկիր,496756,1300,50,0,9935.0,https://myrealty.am/hy/vardzov-komercion-taracq-norakaruycum/Gyulbenkyan+St/Arabkir/Yerevan/156198
16/08/2022,09/07/2025,Երևան,Մալաթիա Սեբաստիա,2521992,6600,1180,0,2137.0,https://myrealty.am/hy/vardzov-komercion-taracq/Sebastia+str/Malatia-Sebastia/Yerevan/124721
16/11/2022,09/07/2025,Երևան,Արաբկիր,1274370,3334,250,0,5097.0,https://myrealty.am/hy/vardzov-komercion-taracq/Hr.Kochar+St/Arabkir/Yerevan/126707
26/05/2023,09/07/2025,Երևան,Կենտրոն,4203320,11000,420,0,10007.0,https://myrealty.am/hy/vardzov-komercion-taracq/Sayat-Nova+Ave/Center/Yerevan/134816
26/08/2025,26/08/2025,Երևան,Կենտրոն,403137,1055,40,0,10078.0,https://myrealty.am/hy/vardzov-komercion-taracq/Amiryan+St/Center/Yerevan/156437
16/12/2023,09/07/2025,Երևան,Կենտրոն,2865900,7500,850,0,3371.0,https://myrealty.am/hy/vardzov-komercion-taracq/Kilikia+district/Center/Yerevan/143118
02/03/2024,15/06/2025,Երևան,Կենտրոն,3821200,10000,206,0,18549.0,https://myrealty.am/hy/vardzov-komercion-taracq-norakaruycum/Vazgen+Sargsyan+St/Center/Yerevan/145687
29/04/2024,15/06/2025,Երևան,Կենտրոն,2713052,7100,165,0,16442.0,https://myrealty.am/hy/vardzov-komercion-taracq/Amiryan+St/Center/Yerevan/148575
16/02/2023,09/07/2025,Երևան,Քանաքեռ Զեյթուն,611392,1600,120,0,5094.0,https://myrealty.am/hy/vardzov-komercion-taracq/K.+Ulnetsi+St/Kanaqer-Zeytun/Yerevan/129331
12/07/2024,31/05/2025,Երևան,Արաբկիր,1337420,3500,300,0,4458.0,https://myrealty.am/hy/vardzov-komercion-taracq-norakaruycum/Riga+St/Arabkir/Yerevan/151785
12/07/2024,31/05/2025,Երևան,Կենտրոն,611392,1600,40,0,15284.0,https://myrealty.am/hy/vardzov-komercion-taracq/Aram+St/Center/Yerevan/151782
08/02/2024,31/05/2025,Երևան,Կենտրոն,3439080,9000,220,0,15632.0,https://myrealty.am/hy/vardzov-komercion-taracq/Hanrapetutyan+St/Center/Yerevan/149855
31/10/2023,09/07/2025,Երևան,Կենտրոն,2197190,5750,223,0,9852.0,https://myrealty.am/hy/vardzov-komercion-taracq-norakaruycum/Tsitsernakaberd+Highway/Center/Yerevan/142000
04/05/2024,15/06/2025,Երևան,Կենտրոն,878876,2300,95,0,9251.0,https://myrealty.am/hy/vardzov-komercion-taracq-norakaruycum/Saryan+St/Center/Yerevan/148837
10/04/2024,31/05/2025,Երևան,Կենտրոն,2178084,5700,163,0,13362.0,https://myrealty.am/hy/vardzov-komercion-taracq-norakaruycum/Northern+%28Hyusisayin%29++Ave/Center/Yerevan/147650
26/07/2022,04/07/2025,Երևան,Կենտրոն,496756,1300,113,0,4396.0,https://myrealty.am/hy/vardzov-komercion-taracq/A.Manukyan+St/Center/Yerevan/124250
14/12/2023,09/07/2025,Երևան,Արաբկիր,273980,716,56,0,4892.0,https://myrealty.am/hy/vardzov-komercion-taracq/Tbilisian+hightway+%28Arabkir%29/Arabkir/Yerevan/143049
29/03/2024,31/05/2025,Երևան,Կենտրոն,1050830,2750,174,0,6039.0,https://myrealty.am/hy/vardzov-komercion-taracq-norakaruycum/Buzand+St/Center/Yerevan/147119
26/12/2024,15/06/2025,Երևան,Նոր Նորք,2674840,7000,150,0,17832.0,https://myrealty.am/hy/vardzov-komercion-taracq/Gayi+Ave/Nor-Nork/Yerevan/154130
04/05/2024,15/06/2025,Երևան,Կենտրոն,2292720,6000,265,0,8651.0,https://myrealty.am/hy/vardzov-komercion-taracq-norakaruycum/Teryan+St/Center/Yerevan/148861
10/04/2024,09/07/2025,Երևան,Ավան,244557,640,52,0,4703.0,https://myrealty.am/hy/vardzov-komercion-taracq/Hovhannisyan+distrct/Avan/Yerevan/147637
08/04/2025,12/06/2025,Երևան,Կենտրոն,2292720,6000,110,0,20842.0,https://myrealty.am/hy/vardzov-komercion-taracq/Mashtots+Ave/Center/Yerevan/155188
24/06/2024,31/05/2025,Երևան,Կենտրոն,2292720,6000,249,0,9207.0,https://myrealty.am/hy/vardzov-komercion-taracq-norakaruycum/D.+Demirchyan+St/Center/Yerevan/151360
10/06/2024,31/05/2025,Երևան,Կենտրոն,12227840,32000,790,0,15478.0,https://myrealty.am/hy/vardzov-komercion-taracq-norakaruycum/Aram+St/Center/Yerevan/150770
10/09/2023,31/05/2025,Երևան,Կենտրոն,324802,850,63,0,5155.0,https://myrealty.am/hy/vardzov-komercion-taracq/Baghramyan+Ave+%28Kentron%29/Center/Yerevan/140168
17/03/2023,09/07/2025,Երևան,Քանաքեռ Զեյթուն,6407770,16768,1090,0,5878.0,https://myrealty.am/hy/vardzov-komercion-taracq/Azatutyan+avenue/Kanaqer-Zeytun/Yerevan/131038
24/07/2023,31/05/2025,Երևան,Արաբկիր,5349680,14000,540,0,9906.0,https://myrealty.am/hy/vardzov-komercion-taracq-norakaruycum/Hr.Kochar+St/Arabkir/Yerevan/137823
16/12/2024,15/06/2025,Երևան,Կենտրոն,2980536,7800,413,0,7216.0,https://myrealty.am/hy/vardzov-komercion-taracq-norakaruycum/Leo+St/Center/Yerevan/154053
04/05/2024,15/06/2025,Երևան,Կենտրոն,1604904,4200,80,0,20061.0,https://myrealty.am/hy/vardzov-komercion-taracq/Mashtots+Ave/Center/Yerevan/148855
12/11/2022,09/07/2025,Երևան,Արաբկիր,1421486,3719,214,0,6642.0,https://myrealty.am/hy/vardzov-komercion-taracq/Sundukyan+St/Arabkir/Yerevan/126581
23/01/2025,15/06/2025,Երևան,Կենտրոն,4203320,11000,237,0,17735.0,https://myrealty.am/hy/vardzov-komercion-taracq-norakaruycum/Aram+St/Center/Yerevan/154472
04/05/2024,15/06/2025,Երևան,Կենտրոն,1910600,5000,170,0,11238.0,https://myrealty.am/hy/vardzov-komercion-taracq/Tumanyan+St/Center/Yerevan/148862
03/04/2025,15/06/2025,Երևան,Դավթաշեն,1528480,4000,1000,0,1528.0,https://myrealty.am/hy/vardzov-komercion-taracq-norakaruycum/Davtashen+10+St/Davtashen/Yerevan/155156
06/11/2023,09/07/2025,Երևան,Արաբկիր,1719540,4500,300,0,5731.0,https://myrealty.am/hy/vardzov-komercion-taracq/Baghramyan+av%28Arabkir%29/Arabkir/Yerevan/142128
26/12/2023,09/07/2025,Երևան,Կենտրոն,382120,1000,47,0,8130.0,https://myrealty.am/hy/vardzov-komercion-taracq-norakaruycum/Argishti+St/Center/Yerevan/143333
27/01/2023,09/07/2025,Երևան,Արաբկիր,1146360,3000,240,0,4776.0,https://myrealty.am/hy/vardzov-komercion-taracq/Orbeli+Yeghbayrner+++St/Arabkir/Yerevan/128589
22/07/2023,31/05/2025,Երևան,Արաբկիր,3439080,9000,400,0,8597.0,https://myrealty.am/hy/vardzov-komercion-taracq/Hr.Kochar+St/Arabkir/Yerevan/137819
20/09/2022,09/07/2025,Երևան,Աջափնյակ,382120,1000,220,0,1736.0,https://myrealty.am/hy/vardzov-komercion-taracq/Bashinjaxyan+St/Ajapnyak/Yerevan/125404
03/02/2025,31/05/2025,Երևան,Քանաքեռ Զեյթուն,745134,1950,125,0,5961.0,https://myrealty.am/hy/vardzov-komercion-taracq-norakaruycum/Sevak+St/Kanaqer-Zeytun/Yerevan/154591
08/04/2024,15/06/2025,Երևան,Արաբկիր,884990,2316,120,0,7374.0,https://myrealty.am/hy/vardzov-komercion-taracq-norakaruycum/Hambardzumyan+St/Arabkir/Yerevan/147519
30/08/2024,31/05/2025,Երևան,Արաբկիր,1069936,2800,183,0,5846.0,https://myrealty.am/hy/vardzov-komercion-taracq/N.+Zaryan+St/Arabkir/Yerevan/152740
12/11/2024,31/05/2025,Երևան,Կենտրոն,3056960,8000,163,0,18754.0,https://myrealty.am/hy/vardzov-komercion-taracq/Aram+St/Center/Yerevan/153773
14/03/2023,31/05/2025,Երևան,Կենտրոն,2483780,6500,155,0,16024.0,https://myrealty.am/hy/vardzov-komercion-taracq/Sayat-Nova+Ave/Center/Yerevan/130779
19/07/2024,31/05/2025,Երևան,Կենտրոն,1146360,3000,85,0,13486.0,https://myrealty.am/hy/vardzov-komercion-taracq//Center/Yerevan/151975
24/06/2024,31/05/2025,Երևան,Կենտրոն,14520560,38000,1700,0,8541.0,https://myrealty.am/hy/vardzov-komercion-taracq-norakaruycum/Arshakunyats+Ave/Center/Yerevan/151361
16/06/2024,28/04/2025,Երևան,Կենտրոն,10317240,27000,320,0,32241.0,https://myrealty.am/hy/vardzov-komercion-taracq-norakaruycum/Aram+St/Center/Yerevan/151007
28/10/2024,31/05/2025,Երևան,Կենտրոն,10317240,27000,605,0,17053.0,https://myrealty.am/hy/vardzov-komercion-taracq/Teryan+St/Center/Yerevan/153518
27/01/2025,31/05/2025,Երևան,Կենտրոն,478796,1252,39,0,12276.0,https://myrealty.am/hy/vardzov-komercion-taracq/Abovyan+St/Center/Yerevan/154521
19/04/2023,31/05/2025,Երևան,Արաբկիր,477650,1250,74,0,6454.0,https://myrealty.am/hy/vardzov-komercion-taracq/Hakobyan+St/Arabkir/Yerevan/132652
23/06/2024,31/05/2025,Երևան,Կենտրոն,1795964,4700,200,0,8979.0,https://myrealty.am/hy/vardzov-komercion-taracq/Ler.+Kamsar+St/Center/Yerevan/151326
12/04/2023,31/05/2025,Երևան,Կենտրոն,955300,2500,114,0,8379.0,https://myrealty.am/hy/vardzov-komercion-taracq/Vardanants+St/Center/Yerevan/132375
27/07/2023,31/05/2025,Երևան,Արաբկիր,726028,1900,200,0,3630.0,https://myrealty.am/hy/vardzov-komercion-taracq/V.Papazyan+St/Arabkir/Yerevan/140218
24/06/2024,31/05/2025,Երևան,Կենտրոն,955300,2500,145,0,6588.0,https://myrealty.am/hy/vardzov-komercion-taracq/Abovyan+St/Center/Yerevan/151359
18/09/2024,31/05/2025,Երևան,Արաբկիր,1541854,4034,272,0,5668.0,https://myrealty.am/hy/vardzov-komercion-taracq-norakaruycum/Orbeli+Yeghbayrner+++St/Arabkir/Yerevan/153023
05/11/2024,31/05/2025,Երևան,Կենտրոն,1628595,4261,240,0,6785.0,https://myrealty.am/hy/vardzov-komercion-taracq-norakaruycum/Koryun+St/Center/Yerevan/153681
25/03/2024,31/05/2025,Երևան,Արաբկիր,420332,1100,75,0,5604.0,https://myrealty.am/hy/vardzov-komercion-taracq/Kievyan+St/Arabkir/Yerevan/146903
02/05/2024,31/05/2025,Երևան,Կենտրոն,3056960,8000,163,0,18754.0,https://myrealty.am/hy/vardzov-komercion-taracq/Koghbatsi+St/Center/Yerevan/149015
12/07/2024,31/05/2025,Երևան,Կենտրոն,534968,1400,100,0,5349.0,https://myrealty.am/hy/vardzov-komercion-taracq//Center/Yerevan/151811
24/05/2024,31/05/2025,Երևան,Կենտրոն,878876,2300,94,0,9349.0,https://myrealty.am/hy/vardzov-komercion-taracq-norakaruycum/Argishti+St/Center/Yerevan/149934
24/06/2024,31/05/2025,Երևան,Արաբկիր,573180,1500,95,0,6033.0,https://myrealty.am/hy/vardzov-komercion-taracq-norakaruycum/Northern+Ray/Arabkir/Yerevan/151381
25/02/2025,31/05/2025,Երևան,Կենտրոն,1299208,3400,204,0,6368.0,https://myrealty.am/hy/vardzov-komercion-taracq/Koryun+St/Center/Yerevan/154812
12/12/2024,12/12/2024,Երևան,Արաբկիր,687816,1800,81,0,8491.0,https://myrealty.am/hy/vardzov-komercion-taracq/Hovsep+Emin+St/Arabkir/Yerevan/154022
06/05/2024,31/05/2025,Երևան,Արաբկիր,1069936,2800,175,0,6113.0,https://myrealty.am/hy/vardzov-komercion-taracq-norakaruycum/Northern+Ray/Arabkir/Yerevan/148939
17/09/2024,31/05/2025,Երևան,Կենտրոն,2674840,7000,234,0,11430.0,https://myrealty.am/hy/vardzov-komercion-taracq-norakaruycum/Teryan+St/Center/Yerevan/153008
24/10/2024,25/10/2024,Երևան,Կենտրոն,1528480,4000,72,0,21228.0,https://myrealty.am/hy/vardzov-komercion-taracq/A.Manukyan+St/Center/Yerevan/153492
03/06/2024,03/06/2024,Երևան,Կենտրոն,4585440,12000,200,0,22927.0,https://myrealty.am/hy/vardzov-komercion-taracq/Aram+St/Center/Yerevan/150378
04/06/2024,01/10/2024,Երևան,Արաբկիր,649604,1700,74,0,8778.0,https://myrealty.am/hy/vardzov-komercion-taracq/Komitas+Ave/Arabkir/Yerevan/150430
07/05/2024,15/06/2024,Երևան,Կենտրոն,955300,2500,126,0,7581.0,https://myrealty.am/hy/vardzov-komercion-taracq/Tigran+Mets+Ave/Center/Yerevan/149034
07/08/2024,07/08/2024,Երևան,Կենտրոն,1528480,4000,120,0,12737.0,https://myrealty.am/hy/vardzov-komercion-taracq/Mashtots+Ave/Center/Yerevan/152395
04/05/2024,31/05/2025,Երևան,Կենտրոն,382120,1000,54,0,7076.0,https://myrealty.am/hy/vardzov-komercion-taracq/Zakyan+St/Center/Yerevan/148863
21/07/2023,28/04/2025,Երևան,Արաբկիր,2674840,7000,270,0,9906.0,https://myrealty.am/hy/vardzov-komercion-taracq/Hr.Kochar+St/Arabkir/Yerevan/137821
03/06/2024,17/09/2024,Երևան,Կենտրոն,13374200,35000,1000,0,13374.0,https://myrealty.am/hy/vardzov-komercion-taracq-norakaruycum/Sayat-Nova+Ave/Center/Yerevan/150418
14/01/2025,28/04/2025,Երևան,Կենտրոն,4585440,12000,226,0,20289.0,https://myrealty.am/hy/vardzov-komercion-taracq/Saryan+St/Center/Yerevan/154329
11/01/2024,28/04/2025,Երևան,Քանաքեռ Զեյթուն,458544,1200,70,0,6550.0,https://myrealty.am/hy/vardzov-komercion-taracq/Droi+St/Kanaqer-Zeytun/Yerevan/143519
23/01/2025,31/05/2025,Երևան,Կենտրոն,14138440,37000,840,0,16831.0,https://myrealty.am/hy/vardzov-komercion-taracq-norakaruycum/Aram+St/Center/Yerevan/154473
04/05/2024,29/04/2025,Երևան,Կենտրոն,878876,2300,90,0,9765.0,https://myrealty.am/hy/vardzov-komercion-taracq-norakaruycum/Amiryan+St/Center/Yerevan/148871
18/07/2024,19/07/2024,Երևան,Աջափնյակ,382120,1000,76,0,5027.0,https://myrealty.am/hy/vardzov-komercion-taracq/Shinararner+St/Ajapnyak/Yerevan/151916
28/07/2024,29/07/2024,Երևան,Կենտրոն,955300,2500,178,0,5366.0,https://myrealty.am/hy/vardzov-komercion-taracq/Sayat-Nova+Ave/Center/Yerevan/152165
21/07/2023,28/04/2025,Երևան,Արաբկիր,439438,1150,20,0,21971.0,https://myrealty.am/hy/vardzov-komercion-taracq/Komitas+Ave/Arabkir/Yerevan/137674
14/10/2023,13/06/2024,Երևան,Արաբկիր,764240,2000,68,0,11238.0,https://myrealty.am/hy/vardzov-komercion-taracq/Hakobyan+St/Arabkir/Yerevan/141558
14/01/2025,14/01/2025,Երևան,Կենտրոն,1452056,3800,250,0,5808.0,https://myrealty.am/hy/vardzov-komercion-taracq/Khanjyan+St/Center/Yerevan/154331
07/05/2024,05/05/2025,Երևան,Արաբկիր,687816,1800,150,0,4585.0,https://myrealty.am/hy/vardzov-komercion-taracq-norakaruycum/Hakobyan+St/Arabkir/Yerevan/149031
06/12/2024,07/12/2024,Երևան,Կենտրոն,290411,759,42,0,6914.0,https://myrealty.am/hy/vardzov-komercion-taracq/Israelyan+St/Center/Yerevan/153954
27/06/2024,27/06/2024,Երևան,Կենտրոն,1375632,3600,140,0,9825.0,https://myrealty.am/hy/vardzov-komercion-taracq/Charents+St/Center/Yerevan/151495
23/01/2023,13/06/2024,Երևան,Արաբկիր,1260996,3300,212,0,5948.0,https://myrealty.am/hy/vardzov-komercion-taracq/Kasyan+St/Arabkir/Yerevan/128551
30/08/2024,30/08/2024,Երևան,Արաբկիր,993512,2600,210,0,4731.0,https://myrealty.am/hy/vardzov-komercion-taracq/N.+Zaryan+St/Arabkir/Yerevan/152741
25/05/2024,31/05/2025,Երևան,Արաբկիր,305696,800,79,0,3869.0,https://myrealty.am/hy/vardzov-komercion-taracq/Kasyan+St/Arabkir/Yerevan/150003
03/05/2023,13/06/2024,Երևան,Կենտրոն,993512,2600,148,0,6712.0,https://myrealty.am/hy/vardzov-komercion-taracq/Heratsi+St/Center/Yerevan/133455
04/05/2024,15/06/2024,Երևան,Կենտրոն,1987024,5200,70,0,28386.0,https://myrealty.am/hy/vardzov-komercion-taracq/Mashtots+Ave/Center/Yerevan/148875
02/10/2024,02/10/2024,Երևան,Կենտրոն,պայմանական,negotiable,535,0,,https://myrealty.am/hy/vardzov-komercion-taracq/G.Lusavorich+St/Center/Yerevan/153212
03/06/2024,03/06/2024,Երևան,Կենտրոն,286590,750,78,0,3674.0,https://myrealty.am/hy/vardzov-komercion-taracq-norakaruycum/Argishti+St/Center/Yerevan/150417
06/03/2024,11/11/2025,Երևան,Կենտրոն,պայմանական,negotiable,800,0,,https://myrealty.am/hy/vardzov-komercion-taracq-norakaruycum/Myasnikyan+Ave/Center/Yerevan/157359
12/09/2023,04/06/2024,Երևան,Դավթաշեն,1757752,4600,350,0,5022.0,https://myrealty.am/hy/vardzov-komercion-taracq-norakaruycum/Mikoyan+St/Davtashen/Yerevan/140347
04/05/2024,15/06/2025,Երևան,Քանաքեռ Զեյթուն,պայմանական,negotiable,1160,0,,https://myrealty.am/hy/vardzov-komercion-taracq/Z.+Sarkavag+St/Kanaqer-Zeytun/Yerevan/148866
05/09/2023,04/06/2024,Երևան,Արաբկիր,4585440,12000,500,0,9170.0,https://myrealty.am/hy/vardzov-komercion-taracq/Hakobyan+St/Arabkir/Yerevan/139905
15/07/2024,15/07/2024,Արմավիր,Փարաքար,պայմանական,negotiable,1700,0,,https://myrealty.am/hy/vardzov-komercion-taracq-norakaruycum/Paraqar/Paraqar/Armavir/151862
08/07/2024,31/05/2025,Երևան,Շենգավիթ,պայմանական,negotiable,1300,0,,https://myrealty.am/hy/vardzov-komercion-taracq-norakaruycum/Garegin+Nzhdeh+Ave/Shengavit/Yerevan/151695
03/06/2024,03/06/2024,Երևան,Արաբկիր,պայմանական,negotiable,2000,0,,https://myrealty.am/hy/vardzov-komercion-taracq/Arghutyan+St/Arabkir/Yerevan/150382
10/06/2024,10/06/2024,Երևան,Կենտրոն,պայմանական,negotiable,276,0,,https://myrealty.am/hy/vardzov-komercion-taracq/Aram+St/Center/Yerevan/150761
05/10/2024,31/05/2025,Երևան,Աջափնյակ,պայմանական,negotiable,900,0,,https://myrealty.am/hy/vardzov-komercion-taracq-norakaruycum/Leningradyan+St/Ajapnyak/Yerevan/153267
11/06/2024,11/06/2024,Երևան,Կենտրոն,1222784,3200,75,0,16303.0,https://myrealty.am/hy/vardzov-komercion-taracq/Aram+St/Center/Yerevan/150846
04/09/2023,13/06/2024,Երևան,Արաբկիր,955300,2500,550,0,1736.0,https://myrealty.am/hy/vardzov-komercion-taracq/Arabkir+43+St/Arabkir/Yerevan/139840
02/10/2024,31/05/2025,Երևան,Կենտրոն,պայմանական,negotiable,650,0,,https://myrealty.am/hy/vardzov-komercion-taracq-norakaruycum/G.Lusavorich+St/Center/Yerevan/153215
03/06/2024,03/06/2024,Երևան,Կենտրոն,19106000,50000,1700,0,11238.0,https://myrealty.am/hy/vardzov-komercion-taracq-norakaruycum/Amiryan+St/Center/Yerevan/150380
03/06/2024,03/06/2024,Երևան,Դավթաշեն,802452,2100,250,0,3209.0,https://myrealty.am/hy/vardzov-komercion-taracq-norakaruycum/Pirumyans++St/Davtashen/Yerevan/150420
06/06/2024,29/04/2025,Երևան,Արաբկիր,պայմանական,negotiable,612,0,,https://myrealty.am/hy/vardzov-komercion-taracq-norakaruycum/Baghramyan+av%28Arabkir%29/Arabkir/Yerevan/150620
07/05/2024,15/06/2025,Երևան,Կենտրոն,պայմանական,negotiable,300,0,,https://myrealty.am/hy/vardzov-komercion-taracq/Moskovyan+St/Center/Yerevan/149027
01/07/2023,15/06/2025,Երևան,Քանաքեռ Զեյթուն,պայմանական,negotiable,1500,0,,https://myrealty.am/hy/vardzov-komercion-taracq/Z.+Sarkavag+St/Kanaqer-Zeytun/Yerevan/136567
20/09/2023,31/05/2024,Երևան,Կենտրոն,4967560,13000,327,0,15191.0,https://myrealty.am/hy/vardzov-komercion-taracq-norakaruycum/Sayat-Nova+Ave/Center/Yerevan/140865
12/07/2023,03/06/2024,Երևան,Արաբկիր,2980536,7800,250,0,11922.0,https://myrealty.am/hy/vardzov-komercion-taracq/Orbeli+Yeghbayrner+++St/Arabkir/Yerevan/137098
15/07/2023,04/06/2024,Երևան,Ավան,2292720,6000,385,0,5955.0,https://myrealty.am/hy/vardzov-komercion-taracq-norakaruycum/Ashxabad+St/Avan/Yerevan/137362
30/06/2023,04/06/2024,Երևան,Արաբկիր,1719540,4500,190,0,9050.0,https://myrealty.am/hy/vardzov-komercion-taracq-norakaruycum/Adonts+St/Arabkir/Yerevan/136532
22/06/2023,09/07/2025,Երևան,Մալաթիա Սեբաստիա,պայմանական,negotiable,1000,0,,https://myrealty.am/hy/vardzov-komercion-taracq/Argavand+St/Malatia-Sebastia/Yerevan/136183
18/03/2023,31/05/2025,Երևան,Կենտրոն,պայմանական,negotiable,800,0,,https://myrealty.am/hy/vardzov-komercion-taracq-norakaruycum/Paronyan+St/Center/Yerevan/131082
04/12/2025,10/12/2025,Երևան,Կենտրոն,1600000,4190,145,0,11034.0,https://www.senyak.am/vardzov-spasarkman-taratsq-kentronum--wi3g
10/12/2025,,Երևան,Մալաթիա Սեբաստիա,180000,471,25,0,7200.0,https://www.senyak.am/vardzov-ofisayin-taratsq-bangladeshum--w8es
09/12/2025,,Երևան,Կենտրոն,1000000,2619,300,0,3333.0,https://www.senyak.am/vardzov-spasarkman-taratsq-kentronum--w863
26/11/2025,09/12/2025,Երևան,Կենտրոն,300000,785,39,0,7692.0,https://www.senyak.am/vardzov-ofisayin-taratsq-kentronum--wxsv
25/11/2025,09/12/2025,Երևան,Կենտրոն,200000,523,52,0,3846.0,https://www.senyak.am/vardzov-norakaruyc-ofisayin-taratsq-kentronum--wxry
02/12/2025,09/12/2025,Երևան,Էրեբունի,200000,523,25,0,8000.0,https://www.senyak.am/vardzov-norakaruyc-arevtri-taratsq-erebunium--wiyh
19/11/2025,07/12/2025,Երևան,Կենտրոն,750000,1964,145,0,5172.0,https://www.senyak.am/vardzov-ofisayin-taratsq-kentronum--wxqr
22/11/2025,09/12/2025,Երևան,Կենտրոն,300000,785,47,0,6382.0,https://www.senyak.am/vardzov-ofisayin-taratsq-kentronum--wxzt
06/12/2025,,Երևան,Կենտրոն,850000,2226,154,0,5519.0,https://www.senyak.am/vardzov-norakaruyc-ofisayin-taratsq-kentronum--wiki
01/12/2025,06/12/2025,Երևան,Քանաքեռ Զեյթուն,496366,1300,235,0,2112.0,https://www.senyak.am/vardzov-ofisayin-taratsq-monumentum--wifv
08/12/2025,,Երևան,Կենտրոն,550000,1440,65,0,8461.0,https://www.senyak.am/vardzov-ofisayin-taratsq-kentronum--w84u
08/12/2025,,Երևան,Կենտրոն,550000,1440,60,0,9166.0,https://www.senyak.am/vardzov-ofisayin-taratsq-kentronum--w84y
19/11/2025,06/12/2025,Երևան,Արաբկիր,350000,916,100,0,3500.0,https://www.senyak.am/vardzov-ofisayin-taratsq-arabkirum--wxwa
22/11/2025,06/12/2025,Երևան,Կենտրոն,300000,785,39,0,7692.0,https://www.senyak.am/vardzov-ofisayin-taratsq-kentronum--wxz5
06/12/2025,,Երևան,Կենտրոն,7200,18,480,0,15.0,https://www.senyak.am/vardzov-ofisayin-taratsq-kentronum--wikw
02/12/2025,,Երևան,Կենտրոն,763640,2000,225,0,3393.0,https://www.senyak.am/vardzov-ofisayin-taratsq-kentronum--wiyo
04/12/2025,,Երևան,Արաբկիր,200000,523,20,0,10000.0,https://www.senyak.am/vardzov-ofisayin-taratsq-arabkirum--wiup
17/11/2025,02/12/2025,Երևան,Կենտրոն,500000,1309,100,0,5000.0,https://www.senyak.am/vardzov-ofisayin-taratsq-kentronum--w1ke
03/12/2025,,Երևան,Կենտրոն,350000,916,40,0,8750.0,https://www.senyak.am/vardzov-ofisayin-taratsq-kentronum--wiur
30/11/2025,,Երևան,Դավթաշեն,800000,2095,90,0,8888.0,https://www.senyak.am/vardzov-norakaruyc-ofisayin-taratsq-davtashenum--wi16
20/11/2025,01/12/2025,Երևան,Արաբկիր,381820,1000,117,0,3263.0,https://www.senyak.am/vardzov-spasarkman-taratsq-arabkirum--wxid
26/11/2025,03/12/2025,Երևան,Կենտրոն,320000,838,90,0,3555.0,https://www.senyak.am/vardzov-ofisayin-taratsq-kentronum--wxkv
03/12/2025,,Երևան,Կենտրոն,600000,1571,63,0,9523.0,https://www.senyak.am/vardzov-ofisayin-taratsq-kentronum--wium
24/11/2025,01/12/2025,Երևան,Կենտրոն,200000,523,52,0,3846.0,https://www.senyak.am/vardzov-ofisayin-taratsq-kentronum--wxuf
01/12/2025,,Երևան,Կենտրոն,3360000,8799,280,0,12000.0,https://www.senyak.am/vardzov-norakaruyc-ofisayin-taratsq-kentronum--wi89
02/12/2025,,Երևան,Կենտրոն,1500000,3928,150,0,10000.0,https://www.senyak.am/vardzov-norakaruyc-ofisayin-taratsq-kentronum--wicc
29/11/2025,,Երևան,Մալաթիա Սեբաստիա,150000,392,35,0,4285.0,https://www.senyak.am/vardzov-komercion-taratsq-bangladeshum--wie8
02/12/2025,,Երևան,Կենտրոն,1200000,3142,152,0,7894.0,https://www.senyak.am/vardzov-norakaruyc-ofisayin-taratsq-kentronum--wicf
18/11/2025,28/11/2025,Երևան,Կենտրոն,650000,1702,91,0,7142.0,https://www.senyak.am/vardzov-spasarkman-taratsq-kentronum--w1lx
26/11/2025,,Երևան,Աջափնյակ,170000,445,22,0,7727.0,https://www.senyak.am/vardzov-ofisayin-taratsq-shinararnerum--wxk6
27/11/2025,,Երևան,Կենտրոն,954550,2500,100,0,9545.0,https://www.senyak.am/vardzov-ofisayin-taratsq-kentronum--wxto
24/11/2025,,Երևան,Կենտրոն,270000,707,56,0,4821.0,https://www.senyak.am/vardzov-ofisayin-taratsq-kentronum--wxu0
26/11/2025,,Երևան,Կենտրոն,400000,1047,65,0,6153.0,https://www.senyak.am/vardzov-ofisayin-taratsq-kentronum--wxk5
19/11/2025,,Երևան,Նոր Նորք,100000,261,36,0,2777.0,https://www.senyak.am/vardzov-ofisayin-taratsq-3-rd-masivum--wxg7
21/11/2025,,Երևան,Կենտրոն,1600000,4190,130,0,12307.0,https://www.senyak.am/vardzov-norakaruyc-ofisayin-taratsq-kentronum--wx85
18/11/2025,,Երևան,Կենտրոն,763640,2000,140,0,5454.0,https://www.senyak.am/ofisayin-taratsq-kentronum-140qm--w1lh
20/11/2025,01/12/2025,Երևան,Կենտրոն,858000,2247,65,0,13200.0,https://www.senyak.am/vardzov-norakaruyc-ofisayin-taratsq-kentronum--wx10
20/11/2025,01/12/2025,Երևան,Արաբկիր,2000000,5238,300,0,6666.0,https://www.senyak.am/vardzov-norakaruyc-ofisayin-taratsq-arabkirum--wx1n
20/11/2025,,Երևան,Կենտրոն,2200000,5761,200,0,11000.0,https://www.senyak.am/vardzov-norakaruyc-ofisayin-taratsq-kentronum--wxd5
09/09/2025,22/10/2025,Երևան,Կենտրոն,1845336,4832,225,0,8201.0,https://myrealty.am/hy/vardzov-komercion-taracq-norakaruycum/Argishti+St/Center/Yerevan/156625
04/07/2025,25/11/2025,Երևան,Կենտրոն,992732,2600,74,0,13415.0,https://myrealty.am/hy/vardzov-komercion-taracq/Leo+St/Center/Yerevan/157702
31/10/2025,06/12/2025,Երևան,Կենտրոն,4581840,12000,209,0,21922.0,https://myrealty.am/hy/vardzov-komercion-taracq/Saryan+St/Center/Yerevan/157533
18/09/2025,10/12/2025,Երևան,Շենգավիթ,954550,2500,302,0,3160.0,https://myrealty.am/hy/vardzov-komercion-taracq/Arshakunyats+Ave/Shengavit/Yerevan/157926
20/11/2025,04/12/2025,Երևան,Կենտրոն,1145460,3000,60,0,19091.0,https://myrealty.am/hy/vardzov-komercion-taracq-norakaruycum/Buzand+St/Center/Yerevan/157958
22/11/2025,05/12/2025,Երևան,Կենտրոն,400911,1050,40,0,10022.0,https://myrealty.am/hy/vardzov-komercion-taracq/Amiryan+St/Center/Yerevan/158144
19/11/2025,19/11/2025,Երևան,Արաբկիր,343638,900,100,0,3436.0,https://myrealty.am/hy/vardzov-komercion-taracq/Maro+Margaryan+street/Arabkir/Yerevan/157718
08/12/2025,08/12/2025,Երևան,Արաբկիր,1336370,3500,191,0,6996.0,https://myrealty.am/hy/vardzov-komercion-taracq-norakaruycum/Komitas+Ave/Arabkir/Yerevan/158168
22/08/2025,06/10/2025,Երևան,Կենտրոն,1336370,3500,235,0,5686.0,https://myrealty.am/hy/vardzov-komercion-taracq/E.+Qochar+St/Center/Yerevan/156376
08/04/2025,15/06/2025,Երևան,Կենտրոն,2290920,6000,110,0,20826.0,https://myrealty.am/hy/vardzov-komercion-taracq/Mashtots+Ave/Center/Yerevan/155186
08/03/2025,15/06/2025,Երևան,Կենտրոն,458184,1200,40,0,11454.0,https://myrealty.am/hy/vardzov-komercion-taracq-norakaruycum/Aram+St/Center/Yerevan/154928
27/01/2025,31/05/2025,Երևան,Կենտրոն,478420,1252,39,0,12267.0,https://myrealty.am/hy/vardzov-komercion-taracq/Abovyan+St/Center/Yerevan/154522
10/07/2025,09/12/2025,Երևան,Ավան,պայմանական,negotiable,2900,0,,https://myrealty.am/hy/vardzov-komercion-taracq-norakaruycum/Paruyr+Sevak++dis.+17+street/Avan/Yerevan/157738
30/07/2024,31/07/2024,Երևան,Աջափնյակ,381820,1000,76,0,5023.0,https://myrealty.am/hy/vardzov-komercion-taracq/Shinararner+St/Ajapnyak/Yerevan/152218
06/03/2024,08/12/2025,Երևան,Կենտրոն,պայմանական,negotiable,800,0,,https://myrealty.am/hy/vardzov-komercion-taracq-norakaruycum/Myasnikyan+Ave/Center/Yerevan/157360
25/11/2025,04/12/2025,Կոտայք,Ջրվեժ,պայմանական,negotiable,1000,0,,https://myrealty.am/hy/vardzov-komercion-taracq-norakaruycum/Jrvezh/Jrvejh/Kotayk/158119
02/10/2024,31/05/2025,Երևան,Կենտրոն,պայմանական,negotiable,535,0,,https://myrealty.am/hy/vardzov-komercion-taracq-norakaruycum/G.Lusavorich+St/Center/Yerevan/153218
03/02/2026,,Երևան,Կենտրոն,400000,1056,75,0,5333.0,https://www.senyak.am/vardzov-ofisayin-taratsq-kentronum--wcvz
03/02/2026,,Երևան,Կենտրոն,250000,660,42,0,5952.0,https://www.senyak.am/vardzov-ofisayin-taratsq-kentronum--wcki
14/01/2026,03/02/2026,Երևան,Կենտրոն,320000,845,43,0,7441.0,https://www.senyak.am/vardzov-ofisayin-taratsq-kentronum--wy80
03/02/2026,,Երևան,Կենտրոն,400000,1056,75,0,5333.0,https://www.senyak.am/vardzov-komercion-taratsq-kentronum--wcvi
18/12/2025,03/02/2026,Երևան,Արաբկիր,1248852,3300,195,0,6404.0,https://www.senyak.am/vardzov-norakaruyc-ofisayin-taratsq-komitasum--w8km
14/01/2026,03/02/2026,Երևան,Քանաքեռ Զեյթուն,454128,1200,235,0,1932.0,https://www.senyak.am/vardzov-ofisayin-taratsq-monumentum--wy8c
03/02/2026,,Երևան,Կենտրոն,1200000,3170,80,0,15000.0,https://www.senyak.am/vardzov-arevtri-taratsq-kentronum--wcsk
19/01/2026,03/02/2026,Երևան,Կենտրոն,400000,1056,51,0,7843.0,https://www.senyak.am/vardzov-ofisayin-taratsq-kentronum--wypj
20/01/2026,03/02/2026,Երևան,Կենտրոն,756880,2000,50,0,15137.0,https://www.senyak.am/vardzov-ofisayin-taratsq-kentronum--wysi
22/01/2026,02/02/2026,Երևան,Քանաքեռ Զեյթուն,491972,1300,235,0,2093.0,https://www.senyak.am/vardzov-ofisayin-taratsq-monumentum--wytd
15/01/2026,02/02/2026,Երևան,Կենտրոն,320000,845,43,0,7441.0,https://www.senyak.am/vardzov-ofisayin-taratsq-kentronum--wycq
02/02/2026,,Երևան,Կենտրոն,400000,1056,75,0,5333.0,https://www.senyak.am/vardzov-komercion-taratsq-kentronum--wcry
02/02/2026,,Երևան,Կենտրոն,300000,792,28,0,10714.0,https://www.senyak.am/vardzov-ofisayin-taratsq-kentronum--wcr9
15/01/2026,01/02/2026,Երևան,Կենտրոն,600000,1585,180,0,3333.0,https://www.senyak.am/vardzov-ofisayin-taratsq-kentronum--wyc8
14/01/2026,01/02/2026,Երևան,Կենտրոն,1500000,3963,100,0,15000.0,https://www.senyak.am/vardzov-ofisayin-taratsq-kentronum--wyx1
01/02/2026,,Երևան,Կենտրոն,950000,2510,150,0,6333.0,https://www.senyak.am/vardzov-ofisayin-taratsq-kentronum--wc0o
01/02/2026,,Երևան,Կենտրոն,180000,475,40,0,4500.0,https://www.senyak.am/vardzov-ofisayin-taratsq-kentronum--wc0b
14/01/2026,01/02/2026,Երևան,Կենտրոն,700000,1849,234,0,2991.0,https://www.senyak.am/vardzov-ofisayin-taratsq-kentronum--wy8w
11/01/2026,31/01/2026,Երևան,Կենտրոն,500000,1321,100,0,5000.0,https://www.senyak.am/vardzov-norakaruyc-ofisayin-taratsq-rasiayum--wflt
12/12/2025,31/01/2026,Երևան,Կենտրոն,800000,2113,120,0,6666.0,https://www.senyak.am/vardzov-ofisayin-taratsq-kentronum--w8y0
16/12/2025,31/01/2026,Երևան,Կենտրոն,600000,1585,110,0,5454.0,https://www.senyak.am/vardzov-ofisayin-taratsq-kentronum--w80g
11/01/2026,31/01/2026,Երևան,Կենտրոն,1100000,2906,67,0,16417.0,https://www.senyak.am/vardzov-spasarkman-taratsq-kentronum--wflp
13/12/2025,31/01/2026,Երևան,Կենտրոն,1400000,3699,120,0,11666.0,https://www.senyak.am/vardzov-norakaruyc-ofisayin-taratsq-hyusisayin-poxotayum--w8hd
31/01/2026,,Երևան,Կենտրոն,300000,792,45,0,6666.0,https://www.senyak.am/vardzov-ofisayin-taratsq-kentronum--wcb1
12/01/2026,31/01/2026,Երևան,Քանաքեռ Զեյթուն,480000,1268,150,0,3200.0,https://www.senyak.am/vardzov-spasarkman-taratsq-qanaqerum--wyq3
31/01/2026,,Երևան,Ավան,200000,528,28,0,7142.0,https://www.senyak.am/vardzov-komercion-taratsq-avanum--wc3o
30/01/2026,,Երևան,Կենտրոն,13200,34,36,0,366.0,https://www.senyak.am/vardzov-norakaruyc-ofisayin-taratsq-kentronum--wcu2
15/01/2026,31/01/2026,Երևան,Կենտրոն,650000,1717,120,0,5416.0,https://www.senyak.am/vardzov-arevtri-taratsq-kentronum--wyoh
30/01/2026,,Երևան,Արաբկիր,491972,1300,83,0,5927.0,https://www.senyak.am/vardzov-norakaruyc-ofisayin-taratsq-komitasum--wcuy
26/01/2026,,Երևան,Արաբկիր,300000,792,62,0,4838.0,https://www.senyak.am/vardzov-ofisayin-taratsq-arabkirum--wc17
24/01/2026,29/01/2026,Երևան,Կենտրոն,1400000,3699,128,0,10937.0,https://www.senyak.am/vardzov-ofisayin-taratsq-kentronum--wc6k
24/01/2026,29/01/2026,Երևան,Կենտրոն,4000000,10569,464,0,8620.0,https://www.senyak.am/vardzov-ofisayin-taratsq-kentronum--wc6o
30/01/2026,,Երևան,Արաբկիր,1600000,4227,186,0,8602.0,https://www.senyak.am/vardzov-norakaruyc-ofisayin-taratsq-komitasum--wcua
18/12/2025,28/01/2026,Երևան,Կենտրոն,700000,1849,260,0,2692.0,https://www.senyak.am/vardzov-spasarkman-taratsq-kentronum--w8kc
19/01/2026,29/01/2026,Երևան,Արաբկիր,750000,1981,237,0,3164.0,https://www.senyak.am/vardzov-norakaruyc-ofisayin-taratsq-arabkirum--wyrz
30/01/2026,,Երևան,Արաբկիր,1200000,3170,200,0,6000.0,https://www.senyak.am/vardzov-ofisayin-taratsq-arabkirum--wcju
29/01/2026,,Երևան,Կենտրոն,2649080,7000,480,0,5518.0,https://www.senyak.am/vardzov-norakaruyc-ofisayin-taratsq-hyusisayin-poxotayum--wcoz
16/01/2026,28/01/2026,Երևան,Կենտրոն,1200000,3170,120,0,10000.0,https://www.senyak.am/vardzov-spasarkman-taratsq-kentronum--wyum
11/01/2026,29/01/2026,Երևան,Կենտրոն,220000,581,23,0,9565.0,https://www.senyak.am/vardzov-ofisayin-taratsq-kentronum--wflu
29/01/2026,,Երևան,Կենտրոն,2270640,6000,208,0,10916.0,https://www.senyak.am/vardzov-norakaruyc-ofisayin-taratsq-kentronum--wcoh
27/01/2026,,Երևան,Կենտրոն,750000,1981,66,0,11363.0,https://www.senyak.am/vardzov-spasarkman-taratsq-kentronum--wci7
30/01/2026,,Երևան,Կենտրոն,550000,1453,180,0,3055.0,https://www.senyak.am/vardzov-ofisayin-taratsq-kentronum--wcjk
19/01/2026,27/01/2026,Երևան,Կենտրոն,950000,2510,100,0,9500.0,https://www.senyak.am/vardzov-ofisayin-taratsq-kentronum--wyp0
25/01/2026,,Երևան,Կենտրոն,1500000,3963,150,0,10000.0,https://www.senyak.am/vardzov-ofisayin-taratsq-kentronum--wcdy
19/01/2026,27/01/2026,Երևան,Արաբկիր,6000000,15854,644,0,9316.0,https://www.senyak.am/vardzov-norakaruyc-ofisayin-taratsq-komitasum--wyp3
26/01/2026,,Երևան,Կենտրոն,1000000,2642,145,0,6896.0,https://www.senyak.am/vardzov-norakaruyc-ofisayin-taratsq-kentronum--wc1t
25/01/2026,,Երևան,Կենտրոն,180000,475,20,0,9000.0,https://www.senyak.am/vardzov-ofisayin-taratsq-kentronum--wcdh
23/01/2026,,Երևան,Կենտրոն,400000,1056,52,0,7692.0,https://www.senyak.am/vardzov-ofisayin-taratsq-kentronum--wcwm
13/01/2026,31/01/2026,Երևան,Կենտրոն,550000,1453,35,0,15714.0,https://www.senyak.am/vardzov-arevtri-taratsq-kentronum--wy6w
12/01/2026,16/01/2026,Երևան,Արաբկիր,1300000,3435,545,0,2385.0,https://www.senyak.am/vardzov-norakaruyc-ofisayin-taratsq-arabkirum--wyws
23/01/2026,,Երևան,Քանաքեռ Զեյթուն,2649080,7000,650,0,4075.0,https://www.senyak.am/vardzov-ofisayin-taratsq-monumentum--wcwz
16/01/2026,20/01/2026,Երևան,Կենտրոն,1589448,4200,240,0,6622.0,https://www.senyak.am/vardzov-spasarkman-taratsq-kentronum--wyub
17/01/2026,21/01/2026,Երևան,Կենտրոն,1000000,2642,145,0,6896.0,https://www.senyak.am/vardzov-spasarkman-taratsq-kentronum--wyb5
11/01/2026,,Երևան,Կենտրոն,2000000,5284,200,0,10000.0,https://www.senyak.am/vardzov-spasarkman-taratsq-kentronum--wft1
21/01/2026,,Երևան,Աջափնյակ,3700000,9776,630,0,5873.0,https://www.senyak.am/vardzov-norakaruyc-ofisayin-taratsq-ajapnyakum--wy7f
23/01/2026,,Երևան,Կենտրոն,28000000,73987,4600,0,6086.0,https://www.senyak.am/vardzov-komercion-taratsq-kentronum--wc4n
22/01/2026,23/01/2026,Երևան,Կենտրոն,370000,977,83,0,4457.0,https://www.senyak.am/vardzov-ofisayin-taratsq-kentronum--wyt7
12/01/2026,16/01/2026,Երևան,Քանաքեռ Զեյթուն,1200000,3170,300,0,4000.0,https://www.senyak.am/vardzov-norakaruyc-ofisayin-taratsq-monumentum--wygd
25/12/2025,20/01/2026,Երևան,Կենտրոն,1513760,4000,180,0,8409.0,https://www.senyak.am/vardzov-ofisayin-taratsq-kentronum--wf8y
24/12/2025,21/01/2026,Երևան,Կենտրոն,605504,1600,97,0,6242.0,https://www.senyak.am/vardzov-arevtri-taratsq-kentronum--wfx5
16/01/2026,20/01/2026,Երևան,Էրեբունի,230000,607,42,0,5476.0,https://www.senyak.am/vardzov-ofisayin-taratsq-kayaranum--wym5
20/01/2026,,Երևան,Կենտրոն,3784400,10000,800,0,4730.0,https://www.senyak.am/vardzov-ofisayin-taratsq-kentronum--wyvq
20/01/2026,,Երևան,Կենտրոն,1800000,4756,70,0,25714.0,https://www.senyak.am/vardzov-ofisayin-taratsq-kentronum--wyke
16/01/2026,20/01/2026,Երևան,Արաբկիր,950000,2510,134,0,7089.0,https://www.senyak.am/vardzov-arevtri-taratsq-komitasum--wymr
12/01/2026,16/01/2026,Երևան,Կենտրոն,500000,1321,100,0,5000.0,https://www.senyak.am/vardzov-ofisayin-taratsq-kentronum--wyw4
15/01/2026,,Երևան,Կենտրոն,567660,1500,167,0,3399.0,https://www.senyak.am/vardzov-komercion-taratsq-kentronum--wy88
25/12/2025,,Երևան,Կենտրոն,4000000,10569,320,0,12500.0,https://www.senyak.am/vardzov-norakaruyc-arevtri-taratsq-kentronum--wfib
12/01/2026,16/01/2026,Երևան,Կենտրոն,400000,1056,96,0,4166.0,https://www.senyak.am/vardzov-ofisayin-taratsq-kentronum--wyqv
11/12/2025,07/01/2026,Երևան,Կենտրոն,1300000,3435,75,0,17333.0,https://www.senyak.am/vardzov-ofisayin-taratsq-kentronum--w8ix
07/01/2026,,Երևան,Կենտրոն,1600000,4227,153,0,10457.0,https://www.senyak.am/vardzov-ofisayin-taratsq-kentronum--wfsr
07/01/2026,,Երևան,Կենտրոն,500000,1321,100,0,5000.0,https://www.senyak.am/vardzov-ofisayin-taratsq-kentronum--wfs0
08/01/2026,,Երևան,Արաբկիր,450000,1189,110,0,4090.0,https://www.senyak.am/vardzov-ofisayin-taratsq-komitasum--wfv7
07/01/2026,,Երևան,Կենտրոն,1400000,3699,230,0,6086.0,https://www.senyak.am/vardzov-komercion-taratsq-kentronum--wfs7
08/01/2026,,Երևան,Կենտրոն,1250000,3303,103,0,12135.0,https://www.senyak.am/vardzov-spasarkman-taratsq-kentronum--wfkw
07/01/2026,,Երևան,Կենտրոն,850000,2246,160,0,5312.0,https://www.senyak.am/vardzov-komercion-taratsq-kentronum--wfsp
15/12/2025,,Երևան,Շենգավիթ,300000,792,30,0,10000.0,https://www.senyak.am/vardzov-ofisayin-taratsq-hayreniqum--w8jy
12/12/2025,,Արարատ,Նոր Խարբերդ գյուղ,400000,1056,200,0,2000.0,https://www.senyak.am/vardzov-ofisayin-taratsq--w8c2
23/12/2025,29/12/2025,Երևան,Կենտրոն,570000,1506,126,0,4523.0,https://www.senyak.am/vardzov-ofisayin-taratsq-kentronum--wf9m
12/12/2025,,Արարատ,Նոր Խարբերդ գյուղ,400000,1056,400,0,1000.0,https://www.senyak.am/vardzov-artadramas--w8cs
22/12/2025,,Երևան,Արաբկիր,420000,1109,90,0,4666.0,https://www.senyak.am/vardzov-ofisayin-taratsq-arabkirum--wfgd
12/12/2025,,Արարատ,Նոր Խարբերդ գյուղ,400000,1056,1000,0,400.0,https://www.senyak.am/vardzov-pahest--w8cn
13/12/2025,,Երևան,Կենտրոն,220000,581,35,0,6285.0,https://www.senyak.am/vardzov-ofisayin-taratsq-kentronum--w8zg
23/12/2025,,Երևան,Քանաքեռ Զեյթուն,450000,1189,105,0,4285.0,https://www.senyak.am/vardzov-ofisayin-taratsq-zeytunum--wf9j
11/12/2025,,Երևան,Կենտրոն,500000,1321,96,0,5208.0,https://www.senyak.am/vardzov-ofisayin-taratsq-kentronum--w8ij
11/12/2025,,Երևան,Կենտրոն,450000,1189,70,0,6428.0,https://www.senyak.am/vardzov-ofisayin-taratsq-kentronum--w8iu
11/12/2025,,Երևան,Կենտրոն,1350000,3567,138,0,9782.0,https://www.senyak.am/vardzov-norakaruyc-ofisayin-taratsq-kentronum--w8i1
20/11/2025,29/01/2026,Երևան,Նորք Մարաշ,4919720,13000,700,0,7028.0,https://myrealty.am/hy/vardzov-komercion-taracq/Norq+Ayginer+St/Nork-Marash/Yerevan/158307
07/12/2025,29/01/2026,Երևան,Աջափնյակ,2005732,5300,1350,0,1485.0,https://myrealty.am/hy/vardzov-komercion-taracq/Shiraz+St/Ajapnyak/Yerevan/158311
18/09/2025,29/01/2026,Երևան,Շենգավիթ,946100,2500,302,0,3132.0,https://myrealty.am/hy/vardzov-komercion-taracq/Arshakunyats+Ave/Shengavit/Yerevan/157927
09/12/2025,03/02/2026,Երևան,Կենտրոն,643348,1700,66,0,9747.0,https://myrealty.am/hy/vardzov-komercion-taracq/Teryan+St/Center/Yerevan/158206
21/10/2024,03/02/2026,Երևան,Կենտրոն,6811920,18000,520,0,13099.0,https://myrealty.am/hy/vardzov-komercion-taracq-norakaruycum/Teryan+St/Center/Yerevan/158361
13/01/2026,25/01/2026,Երևան,Աջափնյակ,454128,1200,110,0,4128.0,https://myrealty.am/hy/vardzov-komercion-taracq-norakaruycum/Nazarbekyan+district/Ajapnyak/Yerevan/159062
04/07/2025,16/01/2026,Երևան,Կենտրոն,983944,2600,74,0,13296.0,https://myrealty.am/hy/vardzov-komercion-taracq/Leo+St/Center/Yerevan/157701
01/04/2025,03/02/2026,Երևան,Արաբկիր,946100,2500,242,0,3909.0,https://myrealty.am/hy/vardzov-komercion-taracq-norakaruycum/Azatutyan+Ave/Arabkir/Yerevan/157759
22/11/2025,01/02/2026,Երևան,Կենտրոն,397362,1050,40,0,9934.0,https://myrealty.am/hy/vardzov-komercion-taracq/Amiryan+St/Center/Yerevan/158142
11/04/2023,20/12/2025,Երևան,Արաբկիր,597935,1579,250,0,2391.0,https://myrealty.am/hy/vardzov-komercion-taracq/Keri+St/Arabkir/Yerevan/132328
10/06/2024,31/05/2025,Երևան,Կենտրոն,4162840,11000,237,0,17564.0,https://myrealty.am/hy/vardzov-komercion-taracq-norakaruycum/Aram+St/Center/Yerevan/150766
12/12/2024,28/04/2025,Երևան,Արաբկիր,681192,1800,81,0,8409.0,https://myrealty.am/hy/vardzov-komercion-taracq-norakaruycum/Hovsep+Emin+St/Arabkir/Yerevan/154021
15/08/2024,31/05/2025,Երևան,Արաբկիր,1527005,4034,272,0,5613.0,https://myrealty.am/hy/vardzov-komercion-taracq/Orbeli+Yeghbayrner+++St/Arabkir/Yerevan/152535
02/10/2024,31/05/2025,Երևան,Կենտրոն,պայմանական,negotiable,535,0,,https://myrealty.am/hy/vardzov-komercion-taracq-norakaruycum/G.Lusavorich+St/Center/Yerevan/153214
10/07/2025,19/01/2026,Երևան,Ավան,պայմանական,negotiable,2900,0,,https://myrealty.am/hy/vardzov-komercion-taracq-norakaruycum/Paruyr+Sevak++dis.+17+street/Avan/Yerevan/157737
25/11/2025,26/01/2026,Կոտայք,Ջրվեժ,պայմանական,negotiable,1000,0,,https://myrealty.am/hy/vardzov-komercion-taracq-norakaruycum/Jrvezh/Jrvejh/Kotayk/158120
02/10/2024,02/10/2024,Երևան,Կենտրոն,պայմանական,negotiable,650,0,,https://myrealty.am/hy/vardzov-komercion-taracq/G.Lusavorich+St/Center/Yerevan/153213
13/01/2026,13/01/2026,Երևան,Կենտրոն,պայմանական,negotiable,410,0,,https://myrealty.am/hy/vardzov-komercion-taracq-norakaruycum/Amiryan+St/Center/Yerevan/158764
26/01/2026,03/02/2026,Երևան,Աջափնյակ,պայմանական,negotiable,3500,0,,https://myrealty.am/hy/vardzov-komercion-taracq/Gevorg+Chaush+St/Ajapnyak/Yerevan/159298
03/02/2026,03/02/2026,Երևան,Նոր Նորք,պայմանական,negotiable,750,0,,https://myrealty.am/hy/vardzov-komercion-taracq/Bagrevand+district/Nor-Nork/Yerevan/159269
22/02/2023,19/01/2026,Երևան,Աջափնյակ,պայմանական,negotiable,915,0,,https://myrealty.am/hy/vardzov-komercion-taracq-norakaruycum/Terlemezyan+St/Ajapnyak/Yerevan/158940
13/01/2026,13/01/2026,Երևան,Կենտրոն,պայմանական,negotiable,300,0,,https://myrealty.am/hy/vardzov-komercion-taracq-norakaruycum/Amiryan+St/Center/Yerevan/158760
06/03/2026,,Երևան,Արաբկիր,480000,1272,70,0,6857.0,https://www.senyak.am/vardzov-ofisayin-taratsq-komitasum--wzo9
10/02/2026,05/03/2026,Երևան,Արաբկիր,5000000,13251,740,0,6756.0,https://www.senyak.am/vardzov-norakaruyc-ofisayin-taratsq-arabkirum--whhf
05/03/2026,,Երևան,Կենտրոն,1300000,3445,100,0,13000.0,https://www.senyak.am/vardzov-ofisayin-taratsq-kentronum--wzhw
12/02/2026,05/03/2026,Երևան,Կենտրոն,550000,1457,150,0,3666.0,https://www.senyak.am/vardzov-ofisayin-taratsq-kentronum--whum
19/02/2026,05/03/2026,Երևան,Կենտրոն,1320585,3500,250,0,5282.0,https://www.senyak.am/vardzov-norakaruyc-ofisayin-taratsq-kentronum--woec
12/02/2026,05/03/2026,Երևան,Կենտրոն,13000000,34454,600,0,21666.0,https://www.senyak.am/vardzov-norakaruyc-ofisayin-taratsq-kentronum--whuy
28/02/2026,05/03/2026,Երևան,Կենտրոն,7500000,19877,600,0,12500.0,https://www.senyak.am/vardzov-norakaruyc-ofisayin-taratsq-kentronum--wot2
06/02/2026,03/03/2026,Երևան,Դավթաշեն,1697895,4500,200,0,8489.0,https://www.senyak.am/vardzov-ofisayin-taratsq-davtashenum--whgy
04/03/2026,,Երևան,Կենտրոն,300000,795,50,0,6000.0,https://www.senyak.am/vardzov-ofisayin-taratsq-kentronum--wzit
24/02/2026,05/03/2026,Երևան,Կենտրոն,830082,2200,68,0,12207.0,https://www.senyak.am/vardzov-ofisayin-taratsq-kentronum--wou4
17/02/2026,05/03/2026,Երևան,Կենտրոն,450000,1192,35,0,12857.0,https://www.senyak.am/vardzov-ofisayin-taratsq-kentronum--whl7
29/01/2026,03/03/2026,Երևան,Կենտրոն,300000,795,56,0,5357.0,https://www.senyak.am/ofisayin-taratsq-kentronum-56qm--wcon
04/03/2026,,Երևան,Կենտրոն,700000,1855,157,0,4458.0,https://www.senyak.am/vardzov-norakaruyc-ofisayin-taratsq-kentronum--wz8l
05/02/2026,02/03/2026,Երևան,Դավթաշեն,1697895,4500,220,0,7717.0,https://www.senyak.am/vardzov-ofisayin-taratsq-davtashenum--whwe
14/02/2026,02/03/2026,Երևան,Կենտրոն,250000,662,40,0,6250.0,https://www.senyak.am/vardzov-ofisayin-taratsq-kentronum--whrx
03/03/2026,,Կոտայք,Աբովյան,800000,2120,110,0,7272.0,https://www.senyak.am/vardzov-arevtri-taratsq-abovyanum--wzx3
04/02/2026,02/03/2026,Երևան,Կենտրոն,300000,795,56,0,5357.0,https://www.senyak.am/vardzov-ofisayin-taratsq-kentronum--wc7k
24/02/2026,03/03/2026,Երևան,Կենտրոն,550000,1457,105,0,5238.0,https://www.senyak.am/vardzov-norakaruyc-komercion-taratsq-kentronum--wobm
26/02/2026,03/03/2026,Երևան,Աջափնյակ,216000,572,36,0,6000.0,https://www.senyak.am/vardzov-ofisayin-taratsq-ajapnyakum--wosd
01/03/2026,,Երևան,Արաբկիր,1190000,3153,250,0,4760.0,https://www.senyak.am/vardzov-ofisayin-taratsq-arabkirum--wzqi
27/02/2026,02/03/2026,Կոտայք,Պռոշյան գյուղ,180000,477,32,0,5625.0,https://www.senyak.am/vardzov-komercion-taratsq--wokg
12/02/2026,03/03/2026,Երևան,Կենտրոն,1320585,3500,145,0,9107.0,https://www.senyak.am/vardzov-ofisayin-taratsq-kentronum--whux
21/02/2026,02/03/2026,Երևան,Արաբկիր,1000000,2650,157,0,6369.0,https://www.senyak.am/vardzov-norakaruyc-ofisayin-taratsq-arabkirum--woiz
26/02/2026,02/03/2026,Երևան,Կենտրոն,550000,1457,80,0,6875.0,https://www.senyak.am/vardzov-komercion-taratsq-kentronum--woar
02/03/2026,,Երևան,Դավթաշեն,180000,477,32,0,5625.0,https://www.senyak.am/vardzov-arevtri-taratsq-davtashenum--wz98
10/02/2026,02/03/2026,Երևան,Կենտրոն,1131930,3000,300,0,3773.0,https://www.senyak.am/vardzov-ofisayin-taratsq-kentronum--whh4
21/02/2026,02/03/2026,Երևան,Աջափնյակ,1400000,3710,202,0,6930.0,https://www.senyak.am/vardzov-arevtri-taratsq-ajapnyakum--wofy
16/02/2026,02/03/2026,Երևան,Շենգավիթ,1300000,3445,200,0,6500.0,https://www.senyak.am/vardzov-ofisayin-taratsq-hayreniqum--wh78
05/02/2026,02/03/2026,Երևան,Կենտրոն,370000,980,75,0,4933.0,https://www.senyak.am/vardzov-spasarkman-taratsq-kentronum--whqv
02/03/2026,,Երևան,Արաբկիր,150000,397,18,0,8333.0,https://www.senyak.am/vardzov-ofisayin-taratsq-komitasum--wzd1
25/02/2026,02/03/2026,Երևան,Կենտրոն,400000,1060,60,0,6666.0,https://www.senyak.am/vardzov-spasarkman-taratsq-kentronum--wo0o
12/02/2026,01/03/2026,Երևան,Արաբկիր,650000,1722,80,0,8125.0,https://www.senyak.am/vardzov-arevtri-taratsq-arabkirum--whb6
24/02/2026,04/03/2026,Երևան,Կենտրոն,1700000,4505,225,0,7555.0,https://www.senyak.am/vardzov-norakaruyc-ofisayin-taratsq-kentronum--wojp
27/02/2026,,Երևան,Կենտրոն,700000,1855,234,0,2991.0,https://www.senyak.am/vardzov-komercion-taratsq-kentronum--wono
05/02/2026,27/02/2026,Երևան,Կենտրոն,900000,2385,75,0,12000.0,https://www.senyak.am/vardzov-ofisayin-taratsq-kentronum--whqa
05/02/2026,23/02/2026,Երևան,Կենտրոն,850000,2252,160,0,5312.0,https://www.senyak.am/vardzov-arevtri-taratsq-kentronum--whwd
27/02/2026,,Երևան,Կենտրոն,300000,795,28,0,10714.0,https://www.senyak.am/vardzov-ofisayin-taratsq-kentronum--wovk
04/02/2026,22/02/2026,Երևան,Կենտրոն,1320585,3500,114,0,11584.0,https://www.senyak.am/vardzov-arevtri-taratsq-kentronum--wcnl
24/02/2026,,Երևան,Կենտրոն,264117,700,27,0,9782.0,https://www.senyak.am/vardzov-arevtri-taratsq-kentronum--wojy
21/02/2026,,Երևան,Աջափնյակ,1100000,2915,200,0,5500.0,https://www.senyak.am/vardzov-ofisayin-taratsq-halabyanum--wof1
06/02/2026,23/02/2026,Երևան,Կենտրոն,400000,1060,70,0,5714.0,https://www.senyak.am/vardzov-ofisayin-taratsq-kentronum--whwp
24/02/2026,,Երևան,Դավթաշեն,190000,503,40,0,4750.0,https://www.senyak.am/vardzov-ofisayin-taratsq-davtashenum--woju
23/02/2026,,Երևան,Կենտրոն,377310,1000,35,0,10780.0,https://www.senyak.am/vardzov-norakaruyc-arevtri-taratsq-kentronum--womx
18/02/2026,22/02/2026,Երևան,Կենտրոն,300000,795,20,0,15000.0,https://www.senyak.am/vardzov-ofisayin-taratsq-kentronum--woqb
21/02/2026,,Երևան,Կենտրոն,650000,1722,105,0,6190.0,https://www.senyak.am/vardzov-komercion-taratsq-kentronum--wofo
23/02/2026,,Երևան,Կենտրոն,230000,609,23,0,10000.0,https://www.senyak.am/vardzov-ofisayin-taratsq-kentronum--wooe
22/02/2026,,Երևան,Կենտրոն,350000,927,50,0,7000.0,https://www.senyak.am/vardzov-ofisayin-taratsq-kentronum--woyd
21/02/2026,,Երևան,Քանաքեռ Զեյթուն,1100000,2915,207,0,5314.0,https://www.senyak.am/vardzov-ofisayin-taratsq-qanaqer-zeytunum--wof0
23/02/2026,,Երևան,Արաբկիր,220000,583,100,0,2200.0,https://www.senyak.am/vardzov-ofisayin-taratsq-arabkirum--wozc
21/02/2026,,Երևան,Նոր Նորք,250000,662,50,0,5000.0,https://www.senyak.am/vardzov-ofisayin-taratsq-nor-norqum--wo8u
16/02/2026,,Երևան,Կենտրոն,770000,2040,80,0,9625.0,https://www.senyak.am/vardzov-ofisayin-taratsq-kentronum--wh7d
19/02/2026,,Երևան,Կենտրոն,320000,848,41,0,7804.0,https://www.senyak.am/vardzov-ofisayin-taratsq-kentronum--wogb
18/02/2026,,Երևան,Կենտրոն,2300000,6095,200,0,11500.0,https://www.senyak.am/vardzov-komercion-taratsq-kentronum--woq9
12/02/2026,16/02/2026,Երևան,Մալաթիա Սեբաստիա,1400000,3710,80,0,17500.0,https://www.senyak.am/vardzov-ofisayin-taratsq-malatia-sebastiayum--whbb
12/02/2026,16/02/2026,Երևան,Մալաթիա Սեբաստիա,540000,1431,54,0,10000.0,https://www.senyak.am/vardzov-komercion-taratsq-malatia-sebastiayum--whb2
13/02/2026,16/02/2026,Երևան,Մալաթիա Սեբաստիա,580000,1537,58,0,10000.0,https://www.senyak.am/vardzov-komercion-taratsq-malatia-sebastiayum--wh3r
07/02/2026,,Երևան,Շենգավիթ,200000,530,72,0,2777.0,https://www.senyak.am/vardzov-komercion-taratsq-shengavitum--wh9u
07/02/2026,,Երևան,Շենգավիթ,200000,530,130,0,1538.0,https://www.senyak.am/vardzov-komercion-taratsq-shengavitum--wh93
20/11/2025,06/03/2026,Երևան,Նորք Մարաշ,4527720,12000,700,0,6468.0,https://myrealty.am/hy/vardzov-komercion-taracq/Norq+Ayginer+St/Nork-Marash/Yerevan/158306
26/02/2026,03/03/2026,Երևան,Արաբկիր,490503,1300,40,0,12262.0,https://myrealty.am/hy/vardzov-komercion-taracq/Gyulbenkyan+St/Arabkir/Yerevan/159570
26/02/2026,02/03/2026,Երևան,Արաբկիր,754620,2000,79,0,9552.0,https://myrealty.am/hy/vardzov-komercion-taracq/V.Vagharshyan+St/Arabkir/Yerevan/159650
13/01/2026,24/02/2026,Երևան,Աջափնյակ,452772,1200,100,0,4527.0,https://myrealty.am/hy/vardzov-komercion-taracq-norakaruycum/Nazarbekyan+district/Ajapnyak/Yerevan/159064
12/02/2026,25/02/2026,Երևան,Արաբկիր,452772,1200,92,0,4921.0,https://myrealty.am/hy/vardzov-komercion-taracq/Kievyan+St/Arabkir/Yerevan/159475
04/03/2026,06/03/2026,Երևան,Կենտրոն,11130645,29500,600,0,18551.0,https://myrealty.am/hy/vardzov-komercion-taracq-norakaruycum/Pushkin+St/Center/Yerevan/159673
04/03/2026,04/03/2026,Երևան,Արաբկիր,679158,1800,72,0,9432.0,https://myrealty.am/hy/vardzov-komercion-taracq-norakaruycum/Barbyus+St/Arabkir/Yerevan/159669
04/03/2026,06/03/2026,Երևան,Կենտրոն,5659650,15000,300,0,18865.0,https://myrealty.am/hy/vardzov-komercion-taracq-norakaruycum/Pushkin+St/Center/Yerevan/159677
04/03/2026,06/03/2026,Երևան,Կենտրոն,1697895,4500,90,0,18865.0,https://myrealty.am/hy/vardzov-komercion-taracq-norakaruycum/Pushkin+St/Center/Yerevan/159671
06/02/2026,06/03/2026,Երևան,Կենտրոն,867813,2300,95,0,9134.0,https://myrealty.am/hy/vardzov-komercion-taracq/Pushkin+St/Center/Yerevan/159364
04/03/2026,04/03/2026,Երևան,Կենտրոն,264117,700,50,0,5282.0,https://myrealty.am/hy/vardzov-komercion-taracq/Aygestan+7+St/Center/Yerevan/159657
04/03/2026,04/03/2026,Երևան,Արաբկիր,830082,2200,160,0,5188.0,https://myrealty.am/hy/vardzov-komercion-taracq/Komitas+Ave/Arabkir/Yerevan/159660
07/02/2026,07/02/2026,Երևան,Կենտրոն,377310,1000,96,0,3930.0,https://myrealty.am/hy/vardzov-komercion-taracq/Charents+St/Center/Yerevan/159343
14/04/2025,18/11/2025,Երևան,Արաբկիր,943275,2500,242,0,3897.0,https://myrealty.am/hy/vardzov-komercion-taracq-norakaruycum/Azatutyan+Ave/Arabkir/Yerevan/155234
15/02/2026,15/02/2026,Երևան,Կենտրոն,350898,929,53,0,6620.0,https://myrealty.am/hy/vardzov-komercion-taracq/Mashtots+Ave/Center/Yerevan/159420
26/12/2024,31/05/2025,Երևան,Նոր Նորք,2641170,7000,150,0,17607.0,https://myrealty.am/hy/vardzov-komercion-taracq/Gayi+Ave/Nor-Nork/Yerevan/154131
10/02/2025,31/05/2025,Երևան,Քանաքեռ Զեյթուն,943275,2500,125,0,7546.0,https://myrealty.am/hy/vardzov-komercion-taracq-norakaruycum/Sevak+St/Kanaqer-Zeytun/Yerevan/154650
12/07/2024,31/05/2025,Երևան,Կենտրոն,452772,1200,40,0,11319.0,https://myrealty.am/hy/vardzov-komercion-taracq-norakaruycum/Aram+St/Center/Yerevan/151783
04/03/2026,06/03/2026,Երևան,Կենտրոն,պայմանական,negotiable,2000,0,,https://myrealty.am/hy/vardzov-komercion-taracq-norakaruycum/Pushkin+St/Center/Yerevan/159675
05/03/2026,06/03/2026,Կոտայք,Ձորաղբյուր,պայմանական,negotiable,1400,0,,https://myrealty.am/hy/vardzov-komercion-taracq/Dzoraghbyur/Dzoraghbyur/Kotayk/159707
23/01/2026,06/03/2026,Երևան,Կենտրոն,պայմանական,negotiable,1000,0,,https://myrealty.am/hy/vardzov-komercion-taracq-norakaruycum/Pushkin+St/Center/Yerevan/159667
13/01/2026,10/02/2026,Երևան,Կենտրոն,պայմանական,negotiable,410,0,,https://myrealty.am/hy/vardzov-komercion-taracq-norakaruycum/Amiryan+St/Center/Yerevan/158763
08/12/2025,12/02/2026,Երևան,Արաբկիր,պայմանական,negotiable,2000,0,,https://myrealty.am/hy/vardzov-komercion-taracq/N.+Zaryan+St/Arabkir/Yerevan/158318
08/12/2025,11/02/2026,Երևան,Արաբկիր,պայմանական,negotiable,4000,0,,https://myrealty.am/hy/vardzov-komercion-taracq-norakaruycum/Azatutyan+Ave/Arabkir/Yerevan/158322
22/02/2023,17/02/2026,Երևան,Աջափնյակ,պայմանական,negotiable,915,0,,https://myrealty.am/hy/vardzov-komercion-taracq-norakaruycum/Terlemezyan+St/Ajapnyak/Yerevan/158939
02/04/2026,23/04/2026,Երևան,Արաբկիր,400000,1074,67,0,5970.0,https://www.senyak.am/vardzov-ofisayin-taratsq-arabkirum--wuib
22/04/2026,,Երևան,Կենտրոն,650000,1745,80,0,8125.0,https://www.senyak.am/vardzov-ofisayin-taratsq-kentronum--w3q8
22/04/2026,,Երևան,Կենտրոն,650000,1745,80,0,8125.0,https://www.senyak.am/vardzov-ofisayin-taratsq-kentronum--w3qi
22/04/2026,,Երևան,Կենտրոն,700000,1879,110,0,6363.0,https://www.senyak.am/vardzov-ofisayin-taratsq-kentronum--w34w
22/04/2026,,Երևան,Կենտրոն,700000,1879,110,0,6363.0,https://www.senyak.am/vardzov-ofisayin-taratsq-kentronum--w34g
18/04/2026,22/04/2026,Երևան,Կենտրոն,950000,2551,94,0,10106.0,https://www.senyak.am/vardzov-norakaruyc-ofisayin-taratsq-kentronum--wb0o
13/04/2026,22/04/2026,Երևան,Կենտրոն,220000,590,22,0,10000.0,https://www.senyak.am/vardzov-norakaruyc-ofisayin-taratsq-kentronum--wbdp
11/03/2026,22/04/2026,Երևան,Կենտրոն,1430000,3840,220,0,6500.0,https://www.senyak.am/vardzov-ofisayin-taratsq-kentronum--wzn0
13/04/2026,22/04/2026,Երևան,Կենտրոն,850000,2282,75,0,11333.0,https://www.senyak.am/vardzov-komercion-taratsq-kentronum--wb9m
07/04/2026,22/04/2026,Երևան,Կենտրոն,6500000,17455,480,0,13541.0,https://www.senyak.am/vardzov-ofisayin-taratsq-kentronum--wu0q
08/03/2026,22/04/2026,Երևան,Կենտրոն,270000,725,53,0,5094.0,https://www.senyak.am/vardzov-ofisayin-taratsq-kentronum--wzb6
24/03/2026,22/04/2026,Երևան,Արաբկիր,600000,1611,60,0,10000.0,https://www.senyak.am/vardzov-ofisayin-taratsq-arabkirum--wjis
08/04/2026,21/04/2026,Կոտայք,Պտղնի գյուղ,1675710,4500,400,0,4189.0,https://www.senyak.am/vardzov-komercion-taratsq--wupb
24/03/2026,22/04/2026,Երևան,Քանաքեռ Զեյթուն,300000,805,90,0,3333.0,https://www.senyak.am/vardzov-komercion-taratsq-zeytunum--wjik
14/03/2026,22/04/2026,Երևան,Կենտրոն,660000,1772,80,0,8250.0,https://www.senyak.am/vardzov-ofisayin-taratsq-kentronum--wmxk
10/03/2026,22/04/2026,Երևան,Կենտրոն,1200000,3222,152,0,7894.0,https://www.senyak.am/vardzov-norakaruyc-ofisayin-taratsq-kentronum--wzp5
10/03/2026,22/04/2026,Երևան,Կենտրոն,350000,939,30,0,11666.0,https://www.senyak.am/vardzov-ofisayin-taratsq-kentronum--wzpq
10/03/2026,22/04/2026,Երևան,Կենտրոն,1200000,3222,152,0,7894.0,https://www.senyak.am/vardzov-norakaruyc-ofisayin-taratsq-kentronum--wzp0
24/03/2026,22/04/2026,Երևան,Արաբկիր,600000,1611,60,0,10000.0,https://www.senyak.am/vardzov-ofisayin-taratsq-arabkirum--wjia
14/03/2026,22/04/2026,Երևան,Կենտրոն,230000,617,23,0,10000.0,https://www.senyak.am/vardzov-ofisayin-taratsq-kentronum--wmx3
14/03/2026,22/04/2026,Երևան,Կենտրոն,350000,939,30,0,11666.0,https://www.senyak.am/vardzov-ofisayin-taratsq-kentronum--wmxx
27/03/2026,21/04/2026,Երևան,Քանաքեռ Զեյթուն,930950,2500,130,0,7161.0,https://www.senyak.am/vardzov-ofisayin-taratsq-zeytunum--wjrr
21/04/2026,,Երևան,Արաբկիր,550000,1476,86,0,6395.0,https://www.senyak.am/vardzov-arevtri-taratsq-arabkirum--wb7j
12/03/2026,21/04/2026,Երևան,Կենտրոն,1000000,2685,63,0,15873.0,https://www.senyak.am/norakaruyc-komercion-taratsq-kentronum-63qm--wmq7
21/04/2026,,Երևան,Կենտրոն,960000,2578,96,0,10000.0,https://www.senyak.am/vardzov-ofisayin-taratsq-kentronum--wblz
21/04/2026,,Երևան,Կենտրոն,400000,1074,80,0,5000.0,https://www.senyak.am/vardzov-ofisayin-taratsq-kentronum--wblr
21/04/2026,,Երևան,Կենտրոն,700000,1879,55,0,12727.0,https://www.senyak.am/vardzov-ofisayin-taratsq-kentronum--wb27
21/04/2026,,Երևան,Կենտրոն,960000,2578,96,0,10000.0,https://www.senyak.am/vardzov-ofisayin-taratsq-kentronum--wblo
21/04/2026,,Երևան,Կենտրոն,1200000,3222,130,0,9230.0,https://www.senyak.am/vardzov-arevtri-taratsq-kentronum--wb2k
12/03/2026,21/04/2026,Երևան,Կենտրոն,700000,1879,152,0,4605.0,https://www.senyak.am/vardzov-norakaruyc-ofisayin-taratsq-kentronum--wmq2
14/04/2026,21/04/2026,Երևան,Կենտրոն,1000000,2685,94,0,10638.0,https://www.senyak.am/vardzov-ofisayin-taratsq-kentronum--wbxm
17/04/2026,21/04/2026,Երևան,Կենտրոն,930950,2500,150,0,6206.0,https://www.senyak.am/vardzov-ofisayin-taratsq-kentronum--wbub
21/04/2026,,Երևան,Կենտրոն,700000,1879,80,0,8750.0,https://www.senyak.am/vardzov-arevtri-taratsq-kentronum--wblx
11/04/2026,21/04/2026,Երևան,Աջափնյակ,300000,805,140,0,2142.0,https://www.senyak.am/vardzov-ofisayin-taratsq-15-kvartalum--wmnz
25/03/2026,20/04/2026,Երևան,Քանաքեռ Զեյթուն,930950,2500,130,0,7161.0,https://www.senyak.am/vardzov-ofisayin-taratsq-zeytunum--wjm6
24/03/2026,21/04/2026,Երևան,Աջափնյակ,300000,805,140,0,2142.0,https://www.senyak.am/vardzov-ofisayin-taratsq-15-kvartalum--wjyx
21/04/2026,,Երևան,Կենտրոն,4000000,10741,173,0,23121.0,https://www.senyak.am/vardzov-ofisayin-taratsq-kentronum--wb2t
26/03/2026,20/04/2026,Երևան,Աջափնյակ,253000,679,46,0,5500.0,https://www.senyak.am/vardzov-ofisayin-taratsq-ajapnyakum--wju9
17/04/2026,21/04/2026,Երևան,Կենտրոն,1500000,4028,100,0,15000.0,https://www.senyak.am/vardzov-spasarkman-taratsq-kentronum--wbbe
20/04/2026,,Երևան,Քանաքեռ Զեյթուն,500000,1342,126,0,3968.0,https://www.senyak.am/vardzov-ofisayin-taratsq-zeytunum--wbnz
02/04/2026,21/04/2026,Երևան,Արաբկիր,400000,1074,100,0,4000.0,https://www.senyak.am/vardzov-ofisayin-taratsq-arabkirum--wuxc
24/03/2026,21/04/2026,Երևան,Արաբկիր,350000,939,62,0,5645.0,https://www.senyak.am/vardzov-norakaruyc-ofisayin-taratsq-arabkirum--wji2
12/03/2026,21/04/2026,Երևան,Արաբկիր,3723800,10000,140,0,26598.0,https://www.senyak.am/vardzov-spasarkman-taratsq-arabkirum--wmqt
14/03/2026,21/04/2026,Երևան,Կենտրոն,270000,725,53,0,5094.0,https://www.senyak.am/vardzov-ofisayin-taratsq-kentronum--wm1m
19/03/2026,20/04/2026,Երևան,Կենտրոն,1000000,2685,188,0,5319.0,https://www.senyak.am/vardzov-komercion-taratsq-kentronum--wmku
16/03/2026,19/04/2026,Երևան,Կենտրոն,1550000,4162,121,0,12809.0,https://www.senyak.am/vardzov-komercion-taratsq-kentronum--wmjt
15/04/2026,19/04/2026,Երևան,Քանաքեռ Զեյթուն,600000,1611,750,0,800.0,https://www.senyak.am/vardzov-artadramas-qanaqer-zeytunum--wbhk
11/04/2026,20/04/2026,Երևան,Կենտրոն,350000,939,30,0,11666.0,https://www.senyak.am/vardzov-ofisayin-taratsq-kentronum--wb4f
16/03/2026,19/04/2026,Երևան,Կենտրոն,550000,1476,180,0,3055.0,https://www.senyak.am/vardzov-ofisayin-taratsq-kentronum--wmuq
27/03/2026,18/04/2026,Երևան,Աջափնյակ,300000,805,140,0,2142.0,https://www.senyak.am/vardzov-norakaruyc-ofisayin-taratsq-15-kvartalum--wjrv
16/03/2026,18/04/2026,Երևան,Կենտրոն,280000,751,34,0,8235.0,https://www.senyak.am/vardzov-spasarkman-taratsq-kentronum--wmbw
16/03/2026,19/04/2026,Երևան,Կենտրոն,400000,1074,52,0,7692.0,https://www.senyak.am/vardzov-ofisayin-taratsq-kentronum--wmu4
07/03/2026,20/04/2026,Երևան,Կենտրոն,4096180,11000,256,0,16000.0,https://www.senyak.am/vardzov-spasarkman-taratsq-hyusisayin-poxotayum--wzjk
19/03/2026,18/04/2026,Երևան,Կենտրոն,1000000,2685,188,0,5319.0,https://www.senyak.am/vardzov-spasarkman-taratsq-kentronum--wmk3
18/04/2026,,Երևան,Կենտրոն,5000000,13427,420,0,11904.0,https://www.senyak.am/vardzov-arevtri-taratsq-kentronum--wb32
18/04/2026,,Երևան,Կենտրոն,5000000,13427,420,0,11904.0,https://www.senyak.am/vardzov-spasarkman-taratsq-kentronum--wb3l
18/04/2026,,Երևան,Կենտրոն,1000000,2685,94,0,10638.0,https://www.senyak.am/vardzov-ofisayin-taratsq-kentronum--wb06
21/03/2026,17/04/2026,Երևան,Արաբկիր,1350000,3625,390,0,3461.0,https://www.senyak.am/vardzov-norakaruyc-ofisayin-taratsq-arabkirum--wjqb
18/04/2026,,Երևան,Կենտրոն,1000000,2685,94,0,10638.0,https://www.senyak.am/vardzov-ofisayin-taratsq-kentronum--wb0g
24/03/2026,18/04/2026,Երևան,Քանաքեռ Զեյթուն,300000,805,90,0,3333.0,https://www.senyak.am/vardzov-ofisayin-taratsq-zeytunum--wjin
13/03/2026,17/04/2026,Երևան,Արաբկիր,1400000,3759,360,0,3888.0,https://www.senyak.am/vardzov-norakaruyc-ofisayin-taratsq-arabkirum--wmep
14/04/2026,17/04/2026,Երևան,Կենտրոն,500000,1342,105,0,4761.0,https://www.senyak.am/vardzov-ofisayin-taratsq-kentronum--wbi3
18/03/2026,14/04/2026,Երևան,Կենտրոն,650000,1745,100,0,6500.0,https://www.senyak.am/vardzov-arevtri-taratsq-kentronum--wmsk
08/04/2026,16/04/2026,Երևան,Կենտրոն,3276944,8800,297,0,11033.0,https://www.senyak.am/vardzov-ofisayin-taratsq-kentronum--wuad
08/04/2026,16/04/2026,Երևան,Կենտրոն,1900000,5102,400,0,4750.0,https://www.senyak.am/vardzov-ofisayin-taratsq-kentronum--wua8
25/03/2026,17/04/2026,Երևան,Կենտրոն,2700000,7250,280,0,9642.0,https://www.senyak.am/vardzov-ofisayin-taratsq-kentronum--wjof
15/04/2026,,Երևան,Կենտրոն,600000,1611,78,0,7692.0,https://www.senyak.am/vardzov-ofisayin-taratsq-kentronum--wbcz
14/04/2026,,Երևան,Մալաթիա Սեբաստիա,750000,2014,195,0,3846.0,https://www.senyak.am/vardzov-norakaruyc-ofisayin-taratsq-leningradyanum--wbf5
08/04/2026,16/04/2026,Երևան,Շենգավիթ,550000,1476,113,0,4867.0,https://www.senyak.am/vardzov-ofisayin-taratsq-hayreniqum--wupa
15/04/2026,,Երևան,Մալաթիա Սեբաստիա,300000,805,45,0,6666.0,https://www.senyak.am/vardzov-komercion-taratsq-bangladeshum--wbhb
14/04/2026,,Երևան,Կենտրոն,1200000,3222,145,0,8275.0,https://www.senyak.am/vardzov-komercion-taratsq-kentronum--wbfk
14/03/2026,14/04/2026,Երևան,Կենտրոն,670000,1799,51,0,13137.0,https://www.senyak.am/vardzov-norakaruyc-ofisayin-taratsq-kentronum--wm1i
14/04/2026,,Երևան,Կենտրոն,1550000,4162,121,0,12809.0,https://www.senyak.am/vardzov-komercion-taratsq-kentronum--wbf0
14/04/2026,,Երևան,Կենտրոն,1000000,2685,94,0,10638.0,https://www.senyak.am/vardzov-ofisayin-taratsq-kentronum--wbxh
14/04/2026,,Երևան,Կենտրոն,6000,16,260,0,23.0,https://www.senyak.am/vardzov-komercion-taratsq-kentronum--wby1
11/03/2026,14/04/2026,Երևան,Կենտրոն,1303330,3500,145,0,8988.0,https://www.senyak.am/vardzov-norakaruyc-ofisayin-taratsq-kentronum--wzk2
15/04/2026,,Երևան,Կենտրոն,600000,1611,78,0,7692.0,https://www.senyak.am/vardzov-ofisayin-taratsq-kentronum--wbco
14/04/2026,,Երևան,Կենտրոն,450000,1208,60,0,7500.0,https://www.senyak.am/vardzov-ofisayin-taratsq-kentronum--wb1o
28/03/2026,15/04/2026,Երևան,Կենտրոն,2900000,7787,95,0,30526.0,https://www.senyak.am/vardzov-arevtri-taratsq-kentronum--wj7e
08/04/2026,15/04/2026,Երևան,Արաբկիր,450000,1208,71,0,6338.0,https://www.senyak.am/vardzov-norakaruyc-ofisayin-taratsq-komitasum--wu5a
11/03/2026,11/04/2026,Երևան,Կենտրոն,1430000,3840,220,0,6500.0,https://www.senyak.am/vardzov-ofisayin-taratsq-kentronum--wznr
10/04/2026,15/04/2026,Երևան,Կենտրոն,800000,2148,200,0,4000.0,https://www.senyak.am/vardzov-ofisayin-taratsq-kentronum--wukl
28/03/2026,15/04/2026,Երևան,Կենտրոն,700000,1879,95,0,7368.0,https://www.senyak.am/vardzov-arevtri-taratsq-kentronum--wj7x
07/04/2026,15/04/2026,Երևան,Կենտրոն,1500000,4028,100,0,15000.0,https://www.senyak.am/vardzov-norakaruyc-ofisayin-taratsq-kentronum--wu5r
08/04/2026,15/04/2026,Երևան,Արաբկիր,340000,913,63,0,5396.0,https://www.senyak.am/vardzov-ofisayin-taratsq-arabkirum--wurr
28/03/2026,13/04/2026,Երևան,Կենտրոն,390000,1047,85,0,4588.0,https://www.senyak.am/vardzov-ofisayin-taratsq-kentronum--wjnv
08/04/2026,15/04/2026,Երևան,Կենտրոն,490000,1315,90,0,5444.0,https://www.senyak.am/vardzov-arevtri-taratsq-kentronum--wu0l
11/03/2026,11/04/2026,Երևան,Կենտրոն,660000,1772,80,0,8250.0,https://www.senyak.am/vardzov-ofisayin-taratsq-kentronum--wznc
10/03/2026,13/04/2026,Երևան,Կենտրոն,1300000,3491,117,0,11111.0,https://www.senyak.am/vardzov-spasarkman-taratsq-kentronum--wzr4
08/04/2026,,Երևան,Շենգավիթ,350000,939,88,0,3977.0,https://www.senyak.am/vardzov-ofisayin-taratsq-shengavitum--wur1
11/04/2026,,Երևան,Կենտրոն,1200000,3222,130,0,9230.0,https://www.senyak.am/vardzov-komercion-taratsq-kentronum--wb4e
25/03/2026,12/04/2026,Երևան,Կենտրոն,2700000,7250,280,0,9642.0,https://www.senyak.am/vardzov-arevtri-taratsq-kentronum--wjzq
11/04/2026,,Երևան,Կենտրոն,350000,939,30,0,11666.0,https://www.senyak.am/vardzov-ofisayin-taratsq-kentronum--wb4y
28/03/2026,11/04/2026,Երևան,Կենտրոն,500000,1342,72,0,6944.0,https://www.senyak.am/vardzov-komercion-taratsq-kentronum--wj7d
24/03/2026,10/04/2026,Երևան,Արաբկիր,350000,939,62,0,5645.0,https://www.senyak.am/vardzov-norakaruyc-ofisayin-taratsq-arabkirum--wji7
28/03/2026,07/04/2026,Երևան,Կենտրոն,400000,1074,70,0,5714.0,https://www.senyak.am/vardzov-ofisayin-taratsq-kentronum--wjn5
10/04/2026,,Երևան,Կենտրոն,600000,1611,98,0,6122.0,https://www.senyak.am/vardzov-ofisayin-taratsq-kentronum--wuka
08/04/2026,,Երևան,Շենգավիթ,600000,1611,420,0,1428.0,https://www.senyak.am/vardzov-pahest-noragavitum--wurc
25/03/2026,11/04/2026,Երևան,Կենտրոն,1200000,3222,150,0,8000.0,https://www.senyak.am/vardzov-norakaruyc-ofisayin-taratsq-kentronum--wjmg
10/04/2026,,Երևան,Կենտրոն,290000,778,40,0,7250.0,https://www.senyak.am/vardzov-ofisayin-taratsq-kentronum--wukn
09/03/2026,03/04/2026,Երևան,Էրեբունի,280000,751,60,0,4666.0,https://www.senyak.am/vardzov-ofisayin-taratsq-areshum--wz5v
28/03/2026,07/04/2026,Երևան,Շենգավիթ,1100000,2953,180,0,6111.0,https://www.senyak.am/vardzov-norakaruyc-ofisayin-taratsq-shengavitum--wj78
29/03/2026,,Երևան,Աջափնյակ,2234280,6000,140,0,15959.0,https://www.senyak.am/vardzov-komercion-taratsq-ajapnyakum--wj2y
10/03/2026,18/03/2026,Երևան,Կենտրոն,700000,1879,110,0,6363.0,https://www.senyak.am/vardzov-ofisayin-taratsq-kentronum--wzra
15/03/2026,18/03/2026,Երևան,Կենտրոն,500000,1342,80,0,6250.0,https://www.senyak.am/vardzov-norakaruyc-ofisayin-taratsq-kentronum--wmhc
17/02/2026,09/03/2026,Երևան,Քանաքեռ Զեյթուն,300000,805,60,0,5000.0,https://www.senyak.am/vardzov-3-senyakanoc-sepakan-tun-zeytunum--whld
13/03/2026,,Երևան,Կենտրոն,600000,1611,150,0,4000.0,https://www.senyak.am/vardzov-komercion-taratsq-kentronum--wmgc
17/03/2026,30/03/2026,Երևան,Շենգավիթ,200000,537,33,0,6060.0,https://www.senyak.am/vardzov-arevtri-taratsq-3-rd-masum--wm0l
21/03/2026,25/03/2026,Երևան,Կենտրոն,550000,1476,115,0,4782.0,https://www.senyak.am/vardzov-ofisayin-taratsq-kentronum--wj45
21/03/2026,25/03/2026,Երևան,Կենտրոն,430000,1154,70,0,6142.0,https://www.senyak.am/vardzov-ofisayin-taratsq-kentronum--wj4z
21/03/2026,25/03/2026,Երևան,Շենգավիթ,400000,1074,100,0,4000.0,https://www.senyak.am/vardzov-ofisayin-taratsq-3-rd-masum--wj4r
07/03/2026,,Երևան,Նորք Մարաշ,250000,671,67,0,3731.0,https://www.senyak.am/vardzov-ofisayin-taratsq-norq-marashum--wzjf
10/03/2026,01/04/2026,Երևան,Նորք Մարաշ,500000,1342,90,0,5555.0,https://www.senyak.am/vardzov-norakaruyc-spasarkman-taratsq-norq-marashum--wzpv
25/03/2026,,Երևան,Կենտրոն,1000000,2685,220,0,4545.0,https://www.senyak.am/vardzov-norakaruyc-komercion-taratsq-kentronum--wjop
21/03/2026,,Երևան,Նոր Նորք,250000,671,45,0,5555.0,https://www.senyak.am/vardzov-spasarkman-taratsq-nor-norqum--wjqp
18/03/2026,,Երևան,Կենտրոն,280000,751,65,0,4307.0,https://www.senyak.am/vardzov-ofisayin-taratsq-kentronum--wmsj
19/03/2026,,Երևան,Կենտրոն,15000,40,1,0,15000.0,https://www.senyak.am/vardzov-ofisayin-taratsq-kentronum--wmvn
12/03/2026,,Երևան,Կենտրոն,320000,859,54,0,5925.0,https://www.senyak.am/vardzov-ofisayin-taratsq-kentronum--wzti
17/03/2026,,Կոտայք,Աբովյան,60000,161,43,0,1395.0,https://www.senyak.am/vardzov-ofisayin-taratsq-abovyanum--wmpd
09/03/2026,18/03/2026,Երևան,Կենտրոն,800000,2148,164,0,4878.0,https://www.senyak.am/vardzov-ofisayin-taratsq-kentronum--wz5g
05/04/2026,,Երևան,Արաբկիր,500000,1342,95,0,5263.0,https://www.senyak.am/vardzov-ofisayin-taratsq-arabkirum--wuzb
10/03/2026,13/03/2026,Երևան,Կենտրոն,355000,953,50,0,7100.0,https://www.senyak.am/vardzov-ofisayin-taratsq-kentronum--wzpj
06/04/2026,,Երևան,Արաբկիր,պայմանական,negotiable,65,0,,https://www.senyak.am/vardzov-norakaruyc-komercion-taratsq-arabkirum--wuuv
10/03/2026,,Երևան,Կենտրոն,9309500000,25000000,1190,0,7823109.0,https://www.senyak.am/vardzov-shenq-shinutyun-kentronum--wzp8
17/03/2026,,Արարատ,Արգավանդ գյուղ,800000,2148,260,0,3076.0,https://www.senyak.am/vardzov-arevtri-taratsq--wmp4
05/03/2026,14/04/2026,Կոտայք,Ձորաղբյուր,5213320,14000,1450,0,3595.0,https://myrealty.am/hy/vardzov-komercion-taracq-norakaruycum/1+zangvac/Dzoraghbyur/Kotayk/159709
02/04/2026,02/04/2026,Երևան,Կենտրոն,1061283,2850,142,0,7473.0,https://myrealty.am/hy/vardzov-komercion-taracq-norakaruycum/Antarayin%2C+L.Azgaldyan+street%2C/Center/Yerevan/160088
20/02/2026,14/04/2026,Երևան,Կենտրոն,4840940,13000,242,0,20003.0,https://myrealty.am/hy/vardzov-komercion-taracq-norakaruycum/Tigran+Mets+Ave/Center/Yerevan/159751
14/04/2026,21/04/2026,Երևան,Կենտրոն,348175,934,65,0,5356.0,https://myrealty.am/hy/vardzov-komercion-taracq/Saryan+St/Center/Yerevan/160184
26/07/2022,30/03/2026,Երևան,Կենտրոն,819236,2200,75,0,10923.0,https://myrealty.am/hy/vardzov-komercion-taracq/Vardanants+St/Center/Yerevan/159999
20/11/2025,08/04/2026,Երևան,Նորք Մարաշ,4468560,12000,700,0,6383.0,https://myrealty.am/hy/vardzov-komercion-taracq/Norq+Ayginer+St/Nork-Marash/Yerevan/158036
07/10/2025,07/10/2025,Երևան,Կենտրոն,930950,2500,302,0,3082.0,https://myrealty.am/hy/vardzov-komercion-taracq/Arshakunyats+Ave/Center/Yerevan/156911
03/06/2024,03/06/2024,Երևան,Կենտրոն,2234280,6000,249,0,8973.0,https://myrealty.am/hy/vardzov-komercion-taracq-norakaruycum/D.+Demirchyan+St/Center/Yerevan/150401
02/02/2024,15/06/2025,Երևան,Կենտրոն,3723800,10000,220,0,16926.0,https://myrealty.am/hy/vardzov-komercion-taracq-norakaruycum/Hanrapetutyan+St/Center/Yerevan/144335
27/01/2025,28/04/2025,Երևան,Կենտրոն,466592,1252,39,0,11963.0,https://myrealty.am/hy/vardzov-komercion-taracq/Abovyan+St/Center/Yerevan/154520
07/05/2024,15/06/2025,Երևան,Արաբկիր,1303330,3500,300,0,4344.0,https://myrealty.am/hy/vardzov-komercion-taracq-norakaruycum/Riga+St/Arabkir/Yerevan/149021
29/10/2024,04/11/2024,Երևան,Կենտրոն,10054260,27000,605,0,16618.0,https://myrealty.am/hy/vardzov-komercion-taracq/Teryan+St/Center/Yerevan/153541
10/07/2025,22/04/2026,Երևան,Ավան,պայմանական,negotiable,2900,0,,https://myrealty.am/hy/vardzov-komercion-taracq-norakaruycum/Paruyr+Sevak++dis.+17+street/Avan/Yerevan/157739
08/12/2025,06/04/2026,Երևան,Արաբկիր,պայմանական,negotiable,2000,0,,https://myrealty.am/hy/vardzov-komercion-taracq/N.+Zaryan+St/Arabkir/Yerevan/158319
25/11/2025,18/04/2026,Կոտայք,Ջրվեժ,պայմանական,negotiable,1000,0,,https://myrealty.am/hy/vardzov-komercion-taracq-norakaruycum/Jrvezh/Jrvejh/Kotayk/158121
16/03/2026,20/03/2026,Երևան,Կենտրոն,պայմանական,negotiable,400,0,,https://myrealty.am/hy/vardzov-komercion-taracq-norakaruycum/Charents+St/Center/Yerevan/159845
03/06/2024,03/06/2024,Երևան,Կենտրոն,14150440,38000,1700,0,8323.0,https://myrealty.am/hy/vardzov-komercion-taracq-norakaruycum/Arshakunyats+Ave/Center/Yerevan/150414
27/07/2023,04/06/2024,Երևան,Արաբկիր,5213320,14000,540,0,9654.0,https://myrealty.am/hy/vardzov-komercion-taracq-norakaruycum/Hr.Kochar+St/Arabkir/Yerevan/137990
06/03/2024,17/04/2026,Երևան,Կենտրոն,պայմանական,negotiable,600,0,,https://myrealty.am/hy/vardzov-komercion-taracq-norakaruycum/Myasnikyan+Ave/Center/Yerevan/157361
23/01/2026,03/04/2026,Երևան,Կենտրոն,պայմանական,negotiable,1000,0,,https://myrealty.am/hy/vardzov-komercion-taracq-norakaruycum/Pushkin+St/Center/Yerevan/159668
